"Company Name","Top Addresses","Company Websites","Company Contact Info","Company Country","Aggregated Volume","Top Destination Ports Used","Top Departure Ports Used","Top H.S. Code","Product Description","Total TEU","Total Weight","Top Notify Parties","Top Notify Party Addresses"
"Kronen International Sa","Tax-Id 30-60451400-9 Valentin Gomez 151 Haedo Buenos Aires Haedo Buenos Aires Argentina C P 1706, Tax Id: 30-60451400-9 Valentin Gomez 151 Haedo Bueno, Cuit Nbr 30604514009 N 3 Entre 107 Y 109 San Luis C P 5700/Ar/30604514009 Contact Agustin Rosello","","Phone Numbers: 3060451400, 30604514009, 1448950236 --- Emails: ","United States","90","Houston, Tx, New Orleans, La","Tampico","732393, 732111, 902810","Kitchen Kitchen Invoices Kitchen Kitchen Invoices Kitchen Kitchen Invoices Kitchen Kitchen Invoices Kitchen Kitchen Invoices Kitchen Kitchen Invoices, Gas Stove Gas Stove, Kitchen Cont Kitchen Invoices Kitchen Cont Kitchen Invoices Kitchen Cont Kitchen Invoices Kitchen Cont Kitchen Invoices Kitchen Cont Kitchen Invoices Kitchen Cont Kitchen Invoices","521","2428171","Kronen International Sa","Tax-Id 30-60451400-9 Valentin Gomez 151 Haedo Buenos Aires Haedo Buenos Aires Argentina C P 1706, Tax Id: 30-60451400-9 Aires Haedo Buenos Aires Arge, Cuit Nbr 30604514009 N 3 Entre 107 Y 109 San Luis C P 5700/Ar/30604514009 Contact Agustin Rosello"
"Haier Appliances Caribbean Andcompa","Victoria Industrial Park Edificio 1 Carolina Puerto Rico C P 00985/Pr/ 660549331 Ctc Pedro Ramos Tel:0017876966","","Phone Numbers: 0017876966 --- Emails: ","United States","36","San Juan, Puerto Rico","Tampico, Port Bustamante","841810, 845011, 732111","Bundle Refrigerator Bottom Mount Bundles Refr Bottom Mount Bundles Dryers Bundles Electric Stove Bundles Stove Bundles Dryers Bundles Electric Stove Bundles Washing Center, Dryers Dryers Refr Bottom Mount Electric Stove Dryers Laundry Center Dryers Electric Stove Refr Bottom Mount Electric Stove Refr Side Side Dryers Dryers Dryers Gas Stove Laundry Center Laundry Center Dryers Laundry Center Laundry Center, Dryers Electric Stove Refr Side Side Refr Bottom Mount Refr Door Refr Bottom Mount","533","3156244","Perez & Cia De P R Inc, Haier Appliances Caribbean Andcompa","Tax Id 660375734 Calle Miraflores Esq Villaverde Muelle 15 Miramar Santurce P R 00908 Telephone: 787-725-9400, Victoria Industrial Park Edificio 1 Carolina Puerto Rico C P 00985/Pr/ 660549331 Ctc Pedro Ramos Tel:0017876966"
"H&K Manufacturing Unlimited","Company Panattoni Park Wroclaw North Gate Ii Ul Polnocna 1 51-180 Szymanow Poland Vat No Hkm Pl5263540015, Company Panattoni Park Wroclaw North Gate Ii Ul Polnocna 1 51- 180 Szymanow Poland Vat No Hkm Pl5263540015, Company Panattoni Park Wroclaw North Gate Ii Ul Polnocna 1 51- 180 Szymanow Poland Vat Hkm Pl5263540015","","Phone Numbers: 5263540015 --- Emails: ","United States","35","Houston, Tx","Tampico","732393, 841899, 271111","Stainless Steel Kitchen Equipment Crates Stainless Steel Kitchen Equipment, Stainless Steel Crates Stainless Steel Kitchen Equipment Refrigerating Machines Freezers Cylindre Freezers Propano Freezer Refrigerating Machines Flammable Toxic Liquefied Gas Class Ems Marine Pollutant, Stainless Steel Crates Stainless Steel Kitchen Equipment Stainless Steel Crates Stainless Steel Kitchen Equipment","67","186916","H&K Manufacturing Unlimited, Cargomind Poland Sp Z O O, Cargomind Poland Sp Zo O","Company Panattoni Park Wroclaw North Gate Ii Ul Polnocna 1 51-180 Szymanow Poland Vat No Hkm Pl5263540015, 1 Sierpnia 6 Bud D 02-134 Warszawa Poland Tax Id 5342379755 Wro-Oceancargomind Com, 1 Sierpnia 6 Bud D 02-134 Warszawa Poland Tax Id 5342379755 Wro-Oceancargomind Com Np"
"Colchoneria Y Muebleria La Nacional","Carretera De Mendoza 219 Santo Domingo C P 012345/Do/101024526 Contacto Xiony Cuevas Tel 809 594 82 88, Carr De Mendoza 219 Santo Domingo Cp 012345/Do/101024526 Ctc Xiony Cuevas Tlf 8095948288, Carretera De Mendoza Villa Faro 219Santo Domingo C P 012345/Do/101024526 Ctc Xiony Cuevas Tel 8095948288","","Phone Numbers: 8095948288 --- Emails: ","United States","34","Houston, Tx","Tampico","902810, 732111, 732190","Gas Stove Estufa Gas, Gas Stove Estufas Gas Gas Stove, Gas Stove","232","641942","World Trade Logistics Srl, Colchoneria Y Muebleria La Nacional","Rnc No 1-30-50997-2 Av Lope De Vega No 13 Progreso Business Center Suite 110 Ens Naco Santo, Carr De Mendoza 219 Santo Domingo Cp 012345/Do/101024526 Ctc Xiony Cuevas Tlf 8095948288, Rnc No 1-30-50997-2 Av Lope De Vega No 13 Progreso Business Center Suite 110 Ens Naco Santo Domingo D N"
"Haier Appliances Caribbean And Company","Victoria Industrial Park Edificio 1 Carolina Puerto Rico C P 00985/Pr/ 660549331 Ctc Pedro Ramos Tel:0017876966, Victoria Industrial Park Edificio 1 Carolina Puerto Rico C P 00985/Pr/ 660549331 Ctc Pedro Ramos Tel:0017876966//","","Phone Numbers: 0017876966 --- Emails: ","United States","24","San Juan, Puerto Rico","Tampico","845011, 841810, 732111","Dryers Electric Stove Gas Stove Refrigerators Doors Laundry Center Dryers Gas Stove Dryers Refrigerator Doors, Electric Stove Gas Stove Dryers Refrigerator Bottom Mount Refrigerator Side Side Gas Stove, Electric Stove Gas Stove Dryers Refrigerator Side Side","475","2861706","Perez & Cia De P R Inc","Tax Id 660375734 Calle Miraflores Esq Villaverde Muelle 15 Miramar Santurce P R 00908 Telephone: 787-725-9400"
"Radio Centro C Por A","Avenida Paseo De Los Periodistas 50Santo Domingo C P 012345/Do/101011041 Ctc Nelson Adames Tel 809-685-7131, Av Paseo De Los Periodistas 50 Santo Domingo Cp 012345/Do/101011041 Ctc Nelson Adames Tlf 809-685-7131, Avenida Paseo De Los Periodistas 50 Miraflores Santo Domingo C P 012345/Do/101011041 Ctc Nelson Adames Tel 809-685-7131 12345","","Phone Numbers: 8096857131, 18096857131, 80968571311234 --- Emails: ","United States","19","Houston, Tx","Tampico","902810, 732111, 732392","Gas Stove, Gas Stove Gas Stove Gas Stove Gas Stove, Gas Stove Estufa Gas Gas Stoves Refrigerators Estufa Gas Gas Stoves Refrigerators Refr Ptas Gas Stoves Refrigerators","261","740265","Radio Centro C Por A","Avenida Paseo De Los Periodistas 50Santo Domingo C P 012345/Do/101011041 Ctc Nelson Adames Tel 809-685-7131, Av Paseo De Los Periodistas 50 Santo Domingo Cp 012345/Do/101011041 Ctc Nelson Adames Tlf 809-685-7131, Avenida Paseo De Los Periodistas 50 Miraflores Santo Domingo C P 012345/Do/101011041 Ctc Nelson Adames Tel 809-685-7131 12345"
"Courts Antigua & Barbuda Ltd","/ Lower Market St Corner Of St Johns / Atn Anik Knowles / Ph 268 462 5694 / Tax Id 169724, / Lower Market Street Corner Of St Johns Antigua / Atn Anik Knowles / Ph 268 462 5694","","Phone Numbers: 2684625694 --- Emails: ","United States","17","Houston, Tx","Tampico","732111, 841810, 845020","Stoves Stoves Custom Cargo Transit Outside Country Gateway Kestrel Liner Agencies Llc Tropical Shipping All Charges Should Payed Kestrel, Combined Refrigerators Freezers Refrigerators Stoves Washers Custom Cargo Transit Outside Country Gateway Kestrel Liner Agencies Llc Tropical Shipping All Charges Should Payed Kestrel, Refrigerators Freezers Refrigerators Stoves Washers Custom Cargo Transit Outside Country Gateway Kestrel Liner Agencies Llc Tropical Shipping All Charges Should Payed Kestrel","19","76593","Courts Antigua & Barbuda Ltd, Kestrel Liner Agencies Llp Tax Id","/ Lower Market St Corner Of St Johns / Atn Anik Knowles / Ph 268 462 5694 / Tax Id 169724, 710885661 9505 Nw 108Th Avenue Medley Florida 33178 / Atn Gary Aspinall Ph 786 220 1650, / Lower Market Street Corner Of St Johns Antigua / Atn Anik Knowles / Ph 268 462 5694"
"Unicomer St Lucia / Orange Park","Commercial Centre Bois Dorange Marisule St Lucia / Atn Berthia Augustin / Ph 758 457 8117 / Tax Id 1790302","","Phone Numbers: 7584578117 --- Emails: ","United States","17","Houston, Tx","Tampico","732111, 845020","Stoves Stoves Custom Cargo Transit Outside Country Gateway Kestrel Liner Agencies Llc Tropical Shipping All Charges Should Payed Ppd Kestrel Liner Agencies, Stoves Stoves Spare Custom Cargo Transit Outside Country Gateway Kestrel Liner Agencies Llc Tropical Shipping All Charges Should Payed Ppd Kestrel Liner Agencies, Refrigerators Washers Refrigerators Stoves Custom Cargo Transit Outside Country Gateway Kestrel Liner Agencies Llc Tropical Shipping All Charges Should Payed Ppd Kestrel Liner Agencies","17","74782","Unicomer St Lucia / Orange Park, Kestrel Liner Agencies Llp Tax Id, Kestrel Liner Agenices Llc","Commercial Centre Bois Dorange Marisule St Lucia / Atn Berthia Augustin / Ph 758 457 8117 / Tax Id 1790302, 710885661 / 9505 Nw 108 Th Avenue Medley Florida 33178 Atn Gary Aspinall Ph 786 220 1650 / Fx 786 220 1691, 16320 Nw 59 Avenue"
"Unicomer Grenada Ltd","/ Young Street St George Grenada / Atn Prisca Nelson Gabriel / Ph 473 4357305 / Tax Id 0007516, / Young Street St Georges Grenada / Atn Prisca Gabriel / Ph 473 435 7305, Young Street St George Grenada Atn Prisca Nelson Gabriel Ph 473 4357305 Tax Id 0007516","","Phone Numbers: 4734357305 --- Emails: ","United States","16","Houston, Tx","Tampico","732111, 845020","Stoves Stoves Custom Cargo Transit Outside Country Gateway Kestrel Liner Agencies Llc Tropical Shipping All Charges Should Payed Ppd Kestrel, Spare Stoves Spare Custom Cargo Transit Outside Country Gateway Kestrel Liner Agencies Llc Tropical Shipping All Charges Should Payed Ppd Kestrel, Refrigerators Stoves Refrigerators Custom Cargo Transit Outside Country Gateway Kestrel Liner Agencies Llc Tropical Shipping All Charges Should Payed Ppd Kestrel","20","76806","Unicomer Grenada Ltd, Kestrel Liner Agencies Llp Tax Id","/ Young Street St George Grenada / Atn Prisca Nelson Gabriel / Ph 473 4357305 / Tax Id 0007516, 710885661 9505 Nw 108Th Avenue Medley Florida 33178 / Atn Gary Aspinall / Ph 786 220 1650"
"Unicomer St Kitts & Nevis Ltd","/ Bay Road Po Box 108 Basseterre St Kitts / Atn Perla Tayson / Ph 869 466 1640 / Tax Id 809136, Bay Road Po Box 108 Basseterre St Kitts Atn Perla Tayson Ph 869 466 1640 Tax Id 809136","","Phone Numbers: 8694661640 --- Emails: ","United States","14","Houston, Tx","Tampico","732111, 845020, 841810","Refrigerators Stoves Refrigerators Custom Cargo Transit Outside Country Gateway Kestrel Liner Agencies Llc Tropical Shipping All Charges Should Paid Miami Kestrel Liner Agencies, Stoves Stoves Custom Cargo Transit Outside Country Gateway Kestrel Liner Agencies Llc Tropical Shipping All Charges Should Paid Miami Kestrel Liner Agencies, Refrigerators Stoves Refrigerators Doors Custom Cargo Transit Outside Country Gateway Kestrel Liner Agencies Llc Tropical Shipping All Charges Should Paid Miami Kestrel Liner Agencies","16","65263","Unicomer St Kitts & Nevis Ltd, Kestrel Liner Agencies Llp Tax Id","/ Bay Road Po Box 108 Basseterre St Kitts / Atn Perla Tayson / Ph 869 466 1640 / Tax Id 809136, 710885661 9505 Nw 108Th Avenue Medley Florida 33178 /Atn Gary Aspinall Ph 786 220 1650, Bay Road Po Box 108 Basseterre St Kitts Atn Perla Tayson Ph 869 466 1640 Tax Id 809136"
"Plaza Lama S A","Avenida 27 De Febrero Santo Domingoc P 012345/Do/101171111 Contacto Luchy Lara Tel 809-985-2073, Avenida 27 De Febrero Santo Domingoc P 012345/Do/101171111 Ctc Luchy Lara Tel 809-985-2073, Avenida 27 De Febrero Santo Domingoc P 012345/Do/101171111 Contact Luchy Lara Telephone 809 985-2073","","Phone Numbers: 8099852073, 18099852073 --- Emails: ","United States","13","Houston, Tx","Tampico","902810","Gas Stove","47","142064","Plaza Lama S A","Avenida 27 De Febrero Santo Domingoc P 012345/Do/101171111 Contacto Luchy Lara Tel 809-985-2073, Avenida 27 De Febrero Santo Domingoc P 012345/Do/101171111 Ctc Luchy Lara Tel 809-985-2073, Avenida 27 De Febrero Santo Domingoc P 012345/Do/101171111 Contact Luchy Lara Telephone 809 985-2073"
"Unicomer St Vincent Ltd","/ Bay Street Po Box 25 Kingstown St Vincent Cp Vc9999 / Atn Lisa Veira / Ph 784 456 1325 / Tax Id 028225, / Bay Street Po Box 25 Kingstown St Vincent Cp Vc9999 / Atn Lisa 50 Veira / Ph 784 456 1325 / Tax Id, Bay Street Po Box 25 Kingstown St Vincent Cp Vc9999 Atn Lisa Veira Ph 784 456 1325 Tax Id 028225","","Phone Numbers: 7844561325 --- Emails: ","United States","13","Houston, Tx","Tampico","732111, 845020, 841810","Stoves Stoves Custom Cargo Transit Outside Country Gateway Kestrel Liner Agencies Llc Tropical Shipping All Charges Should Payed Kestrel Liner Agencies, Spare Stoves Spare Custom Cargo Transit Outside Country Gateway Kestrel Liner Agencies Llc Tropical Shipping All Charges Should Payed Kestrel Liner Agencies, Refrigerators Refrigerators Washers Stoves Spare Custom Cargo Transit Outside Country Gateway Kestrel Liner Agencies Llc Tropical Shipping All Charges Should Payed Kestrel Liner Agencies","13","56256","Unicomer St Vincent Ltd, Kestrel Liner Agencies Llp Tax Id, Kestrel Liner Agencies Llc","/ Bay Street Po Box 25 Kingstown St Vincent Cp Vc9999 / Atn Lisa Veira / Ph 784 456 1325 / Tax Id 028225, 710885661 9505 Nw 108Th Avenue Medley Florida 33178 Atn Gary Aspinall, 9505 Nw 108Th Avenue Medley"
"Abdul Mohsen A Al Swailem Establis","Riyadh 11421 Kingdom Of Saudi Arabia Zc 544 Mr Saad Al-Swailem Saadalswailem Com 966114658100","","Phone Numbers: 966114658100 --- Emails: ","United States","11","Houston, Tx","Tampico","851690, 731822, 732392","Electric Stove, Electric Stove Dryers, Electric Stove Washers","23","118703","Abdul Mohsen A Al Swailem Establis","Riyadh 11421 Kingdom Of Saudi Arabia Zc 544 Mr Saad Al-Swailem Saadalswailem Com 966114658100"
"Unicomer Dominica Ltd","/ Old Street 29 Roseau Dominica / Atn Rachel Samuel / Ph 767 255 2421","","Phone Numbers: 7672552421 --- Emails: ","United States","11","Houston, Tx","Tampico","732111, 845020, 841810","Stoves Stoves Custom Cargo Transit Outside Country Gateway Kestrer Liner Agencies Llc Tropical Shipping All Charges Should Paid Miami Kestrel Liner Agencies, Refrigerators Refrigerators Stoves Washers Custom Cargo Transit Outside Country Gateway Kestrer Liner Agencies Llc Tropical Shipping All Charges Should Paid Miami Kestrel Liner Agencies, Refrigerators Washers Stoves Refrigerators Doors Custom Cargo Transit Outside Country Gateway Kestrer Liner Agencies Llc Tropical Shipping All Charges Should Paid Miami Kestrel Liner Agencies","13","50764","Kestrel Liner Agencies Llp / Tax Id, Unicomer Dominica Ltd","710885661 / 9505 Nw 108Th Avenue Medley Florida 33178 / Atn Gary Aspinall / Ph 786 220 1650 / Fax 786 220 1691, / Old Street 29 Roseau Dominica / Atn Rachel Samuel / Ph 767 255 2421, 710885661 / 9505 Nw 108Th Avenue Medley Florida 33178 / Atn Gary Aspinall / Ph 786 220 1650 / Fax 786 220 1691 Tax Id 710885661"
"Kestrel Liner Agencies Ltd C/O","Calvin Alkins Custom Services Ltd Tax Id 20219183 Gladstonia Buildingfontabelle St Michael Barbados Wi At N:Calvin Alkins / Ph:2464352626","","Phone Numbers: 2464352626 --- Emails: ","United States","10","San Juan, Puerto Rico","Port Bustamante","841829, 851660, 480269","Stoves Custom, Refrigerators Stoves Custom, Stoves Custom Stoves Pckages Refrigerators Custom","15","109144","Kestrel Liner Agencies Llp Tax Id, Kestrel Liner Agencies Llp, Kestrel Liner Agencies Llp / Tax Id","710885661 16320 Nw 59 Avenue Miami Lakes Florida 33014 At N: Gary Aspinall/, 829464 16320 Nw 59Th Avenue Miami Lakes Florida 33014 United States, 710885661 16320 Nw 59 Avenue Miami Lakes Florida 33014 At Gary Aspinall Ph: 786 220 1650/Fx: 786220 1691"
"Unicomer St Lucia /","Orange Park Commercial Marisule St Lucia / Atn Berthia Augustin / Ph 758 457 8117","","Phone Numbers: 7584578117 --- Emails: ","United States","10","Houston, Tx","Tampico","732111","Stoves Stoves Custom Cargo Transit Outside Country Gateway Kestrel Liner Agencies Llc Tropical Shipping All Charges Should Payed Ppd Kestrel Liner Agencies, Stoves Custom Cargo Transit Outside Country Gateway Kestrel Liner Agencies Llc Tropical Shipping All Charges Should Payed Ppd Kestrel Liner Agencies, Stoves Stoves Pacakges Washer Center Spare Custom Cargo Transit Outside Country Gateway Kestrel Liner Agencies Llc Tropical Shipping All Charges Should Payed Ppd Kestrel Liner Agencies","10","47494","Kestrel Liner Agencies Llp Tax Id, Unicomer St Lucia /","710885661 / 9505 Nw 108 Th Avenue Medley Florida 33178 Atn Gary Aspinall Ph 786 220 1650 / Fx 786 220 1691, Orange Park Commercial Marisule St Lucia / Atn Berthia Augustin / Ph 758 457 8117"
"Distribuidora Corripio S A","S Avenida Nu Ez De Caceres Santo Domingo C P 12345/Do/101003693 Ctc Rocio Tactuk Tel 809-227-3000, S Av Nu Ez De Caceres Santo Domingo C P 12345/Do/101003693 Contacto Rocio Tactuk Tlf 809-227-3000, S Avenida Nu Ez De Caceres Santo Domingo C P 12345/Do/101003693 Contacto Rocio Tactuk Tel 809-227-3000","","Phone Numbers: 8092273000 --- Emails: ","United States","6","Houston, Tx","Tampico","902810, 845710","Gas Stove, Gas Stove Laundry Centers, Laundry Centers Gas Stove Refrigerators","18","67722","Distribuidora Corripio S A","S Avenida Nu Ez De Caceres Santo Domingo C P 12345/Do/101003693 Ctc Rocio Tactuk Tel 809-227-3000, S Av Nu Ez De Caceres Santo Domingo C P 12345/Do/101003693 Contacto Rocio Tactuk Tlf 809-227-3000, S Avenida Nu Ez De Caceres Santo Domingo C P 12345/Do/101003693 Contacto Rocio Tactuk Tel 809-227-3000"
"H & K Restaurant Systems Australia","21 Mckay Close Wetherill Park Nsw 2164 Au Te +61280316828 Simon Costigan","","Phone Numbers: +61280316828 --- Emails: ","United States","6","Long Beach, Ca","Manzanillo","732393, 841850, 732111","Accesories Stainless Steel Kitchen Accesories, Kitchen Equipment, Kitchen Equipment Equipo Cocina Kitchen Equipment","14","38350","H & K Restaurant Systems Australia, Tel 61, Tcf International Unit","2 9668 0000 Email: Melissatcfinternational Com Au, 21 Mckay Close Wetherill Park Nsw 2164 Au Te +61280316828 Simon Costigan, 5 18-28 Sir Joseph Banks Drive Kurnell 2231 Nsw P O Box 147 Sydney Tax Id 43 071 011 320 Contact Melissa Page"
"European Logistics Support Office","Da-E Elso C/O Govlog N V Belcrownlaan 23 B-2100 Deurne Be Belgium Attn Kristel De Maeyer Tel +32 3 360 79 78 Tax Id, Da-E Elso C/O Govlog N V Belcrownlaan 23 B-2100 Deurne Be Belgium Attn Kristel De Maeyer Tel +32 3 360 79 78","","Phone Numbers: +3233607978 --- Emails: ","United States","4","Houston, Tx","Tampico","851660","Electric Stove Estufa Electrica Electric Stove, Electric Stove Estufa Electrica Electric Stove Shippers Stow Express Release Originals, Estufa Electrica Electric Stove Electric Stove Estufa Electrica Electric Stove Express Release Originals","24","113675","European Logistics Support Office","Da-E Elso C/O Govlog N V Belcrownlaan 23 B-2100 Deurne Be Belgium Attn Kristel De Maeyer Tel +32 3 360 79 78 Tax Id, Da-E Elso C/O Govlog N V Belcrownlaan 23 B-2100 Deurne Be Belgium Attn Kristel De Maeye Tel + 32 3 540 20 27"
"The North West Company Lp By General Partner Nwc Gp Inc","77 Main St Wpg Mb R3C 2R1 G S T 808425870Rt0001 - Canada Phone 204-9341781","","Phone Numbers: 2049341781 --- Emails: ","United States","4","Long Beach, Ca, Los Angeles, Ca","Cartagena","630292, 690990, 830130","Comforter Trays Kitchen Articles Clocks Pots Carpets Organizer Towels Baskets, Home Furniture Ornament Clock Kitchen Utensils Gloves Kitchen Towels Carpet Curtain Comforter, Home Items Kitchen Items Curtain","4","37115","Livingston International Cst53434Livingstonintl Com","11-1100 Waverly Street Winnipeg Manitoba R3T 3X9"
"Fca Italy S P A","13960 Via Pinerolo 21 Italy To 10060 Italy Tax Id 07973780013","","Phone Numbers: 07973780013 --- Emails: ","United States","3","Houston, Tx","Veracruz","870810","Automotive Automotive Frt Fascia Pedpro Brkt Upper Fiat Grille Assy Charges Account Chrysl Automotive Automotive Frt Fascia Pedpro Brkt Charges Account Chrysl Automotive Automotive Fasc Fiat Dodge Rpa Frt Lwr Fasc Fiat Dodge Ser Charges Account Chrysl Automotive Automotive Frt Fascia Pedpro Brkt Fasc Fiat Dodge Rpa Frt Lwr Fasc Fiat Dodge Charges Account Chrysl Automotive Automotive Frt Lwr Fasc Fiat Dodge Ser Frt Fascia Pedpro Brkt Charges Account Chrysl Automotive Automotive Frt Fascia Pedpro Brkt Charges Account Chrysl, Automotive Fasc Fiat Dodge Rpa Frt Lwr Fasc Fiat Dodge Ser Upper Fiat Grille Assy Automotive Automotive Frt Lwr Fasc Fiat Dodge Ser Upper Fiat Grille Assy Automotive, Automotive Fasc Fiat Dodge Rpa Upper Fiat Grille Assy Frt Fascia Pedpro Automotive","13","6070","Fca Italy S P A","13960 Via Pinerolo 21 Italy To 10060 Italy Tax Id 07973780013"
"Fps Famous Pacific Shipping B V","Van Riemsdijkweg 78 3088 Hd Rotterdam The Netherlands Tel: +31 10 2831 919 /935 Atn : Marco Van Den Nouwland, Van Riemsdijkweg 78 3088 Hd Rotterdam The Netherlands Tel: 31102831919/935 At N: Marco Van Den Nouwland, Van Riemsdijkweg 78 3088 Hd Rotterdthe Netherlands Tel:  10 2831 91Tax Id: Nl809653035000","","Phone Numbers: +31102831919, 31102831919, 809653035000 --- Emails: ","United States","3","Houston, Tx, New Orleans, La","Veracruz","321410, 701990, 851690","General Cargo Roll Paper Vitrica Conteniendo Manga Trezada Fibra Vidrio Recubierta Resinas Braided Fiberglass Sleeve Coated Resins Mexi Aloe Laboratorios Packaes Plastic Drums Diameters Height Each Product Aloe Vera Gel Batch Plastic Frum Diameter Height Each Product Aloe Vera Gel Batch Mexi Aloe Laboratorios Packwages Plastics Drums Each Product Aloe Vera Liposoluble Lot Trade Wood Gears Sicorsa Industrial Ibc Plastic Textile Preparation Brb Sqo Cordaflex High Density Polyethylene Ethylene Copolymer Vinyl Acetate Christina Primke Pairs Mexican Handcraft Shoes Wiegand Assembly Equipment Tools Herramientas Equipo Montaje Carnet Ata Carnet Ata Carnet Ata Lauro Antonio Tonacatl Ojeda Lift Van Triplay Que Contienen Household Bed Toys Kitchen Items Pictures Chair Etc, Magna Powertrain Pallet Stc Sellador Silicos Silico Sealing Julio Ant Onio Serna Molina Pallet Household Rsonal Effects Shoes Clothes Books Kitchen Items Etc Bienes Efectos Personales Usados Zapatos Ropa Libros Articulos Cocina Etc Erreka Mex Pallet Stc Piezas Codos Cesorios Tuberia Plastic Elbow Par Plasti Pipe Accessories Angel Gerardo Segura Carmona Stc Cajas Con Cuadernos Notebo Oks Mezcal Amo Stc Mezcal Verde Momento Espadin Joven Alco Hol Green Mezcal Young Spadi Moment Alcohol, Plastic Vinyl Articles Eika Mexico Piezas Parrillas Electricas Electric Grills Angelus Pallet Machinery Maquilados Elastomeros Bloques Poli Metacrilato Metilo Mezcal Convite Pallet Botellas Mezcal Diasorin Liaison Analyzer","3","34938","Fps Famous Pacific Shipping B V","Van Riemsdijkweg 78 3088 Hd Rotterdam The Netherlands Tel: +31 10 2831 919 /935 Atn : Marco Van Den Nouwland, Van Riemsdijkweg 78 3088 Hd Rotterdam The Netherlands Tel: 31102831919/935 At N: Marco Van Den Nouwland, Van Riemsdijkweg 78 3088 Hd Rotterdthe Netherlands Tel:  10 2831 91Tax Id: Nl809653035000"
"Music Man / Front","Street 20 Phillipsburg St Maarten / Atn Jalkishin Pursnani / Ph 1 721 542 4413 / Tax Id 811692501","","Phone Numbers: 17215424413 --- Emails: ","United States","3","Houston, Tx","Tampico","732111","Stoves Stoves Custom Cargo Transit Outside Country Gateway Kestrel Liner Agencies Llc Tropical Shipping All Charges Should Payed Ppd Kestrel","3","15300","Music Man / Front, Kestrel Liner Agencies Llp Tax Id","Street 20 Phillipsburg St Maarten / Atn Jalkishin Pursnani / Ph 1 721 542 4413 / Tax Id 811692501, 710885661 9505 Nw 108Th Avenue Medley Florida 33178 / Atn Gary Aspinall / Ph 786 220 1650"
"New Fashion World Corportation","Po Box 51494 Toa Baja Pr 00950 Tax Id 66-0781066 San Juan Puerto Rico Phone 787-795-4900","","Phone Numbers: 7877954900 --- Emails: ","United States","3","San Juan, Puerto Rico","Puerto Manzanillo","630210, 691200, 950510","Alfombras Ropa Mesa Xmas Ornaments Ceramic Kitchen Ware Cotton Table Clothing Drinking Glass Hereby Certifying That There Solid Wood Shipmentcountry China Indica, Plastic Flowers Metal Bathroom Accessories Metal Kitchen Utensils Plastic Bathroom Accesories Plastic Kitchen Accessories Plastic Kitchen Hooks Hammock Xmas Ornaments Ceramic Bathroom, Ropa Cama Mantas Fundas Polyester Kitchen Accesories Polyester Bed Sheets Toys Usa Toys China Country China Usa Hereby Certifyng That There Solid Wood","4","40897","New Fashion World Corportation, New Fashion World Corp","Po Box 51494 Toa Baja Pr 00950 Tax Id 66-0781066 San Juan Puerto Rico Phone 787-795-4900, Po Box 21494 Toa Baja Pr 00950 San Juan Puerto Rico Phone; 787-795-4900"
"Skybridge Freight Solutions Llc","Jebel Ali South Free Zone Sheikh Zayed Rd 8 5 Interchange Dubai Uae Trn 100268153200003, Jebel Ali South Free Zone Po Box 121673 Dubai United Arab Emirates Alyssasfs Ae Ph +971 528720149","","Phone Numbers: 100268153200003, +971528720149 --- Emails: ","United States","3","Houston, Tx","Tampico","732393","Stainless Steel Crates Stainless Steel Kitchen Equipmentstainless Steel Crates Stainless Steel Kitchen Equipmentstainless Steel Crates Stainless Steel Kitchen Equipment, Stainless Steel Kitchen Equipment Crates Stainless Steel Kitchen Equipment, Stainless Steel Kitchen Equipment Crates Stainless Steel Kitchen Equipment Stainless Steel Kitchen Equipment Crates Stainless Steel Kitchen Equipment","7","27148","Skybridge Freight Solutions Llc","Jebel Ali South Free Zone Sheikh Zayed Rd 8 5 Interchange Dubai Uae Trn 100268153200003, Jebel Ali South Free Zone Po Box 121673 Dubai United Arab Emirates Alyssasfs Ae Ph +971 528720149"
"Abdul Mohsen A Al Swailem Est","Riyadh 11421 Kingdom Of Saudi Arabia Zc 544 Mr Saad Al-Swailem Saad@Alswailem Com 966114658100, Riyadh 11421 Kingdom Of Saudi Arabiad Dammam Saudi Arabia Email: Saad@Alswailem Com","alswailem.com","Phone Numbers: 966114658100 --- Emails: Al-Swailem Saad@Alswailem Com 966114658100, Saad@Alswailem Com","United States","2","Houston, Tx","Tampico","450390, 851660","Electric Dryer Electric Stoves Spare Washer, Electric Stoves Pallet Spare Electric Stoves","11","48742","Abdul Mohsen A Al Swailem Est","Riyadh 11421 Kingdom Of Saudi Arabia Zc 544 Mr Saad Al-Swailem Saad@Alswailem Com 966114658100, Riyadh 11421 Kingdom Of Saudi Arabiad Dammam Saudi Arabia Email: Saad@Alswailem Com"
"Alambres Y Mallas Almasa Cra 68D","No 39F 58 Sur Bogota Colombia Tax Id: 8600076681","","Phone Numbers: 8600076681 --- Emails: ","United States","2","Houston, Tx","Tampico","551312, 551322","Clamp Nut Blue Self Breaking Clamp Nut Self Breaking Blue Oste Blue Clamp Contemporary Grille Dah Blue Post Clamp Blue Gray Clamp Post Clamp Nut Gray Clamp Post Contemporary Grille Dah Gray Clamp Self Breakingnut Gray Contempo Lding Gate Contemporary Grille Dah Gray Contemporary Rille Dah Gray Contempo Hinged Door Std Gray Clamp Post, Ontempo Folding Gate Greensteel Grating Green Steel Grating Blue Lamp Post Contemporary Grille Dah Blue Clamp Nutf Green Clamp Post Green Clamp Post Contemporary Grille Dah Green Contempo Folding Gate Factira Coils","6","65069","Alambres Y Mallas Almasa Cra 68D","No 39F 58 Sur Bogota Colombia Tax Id: 8600076681"
"Aliss Usa Corp","8081 Nw 74Th St Miami Fl 33166-2317 305 594 0450 Miami @Aliss Com, 8181 Nw 74Th St Miami Fl 33166-2317 305 594 0450","","Phone Numbers: 331662317305594 --- Emails: ","United States","2","Port Everglades, Fl","Puerto Manzanillo","420212, 691200","Cushion Plastic Kitchenware Polyresin Decorations Wood Tchenware Cotton Dress Cotto Kitchen Linens Flip Flops Ceramic Dinnerware Ceramic Corations Framed Mirror Glas Kitchenware Metal Kitchenwa Metal Decoration Chair Etal Furniture Lantern Ntry Bangladesh Azil China India Turkey, Suitcase Cotton Table Linens Candle Metal Decorations Ntern Canvas Art Glass Kitch Enware Kitchen Implemets Pho Frames Metal Serveware Air Country Ina Taiwan Egypt Hong Kong India Indonesia Italia Tur Key Vietnam Ncm","3","34088","Elemar International Forwarding I, Elemar International Forwarding Inc","3475 Nw 114Th Ave Doral 33178-1847"
"Anar Nv Dba Shams","13 Cannegetier Street 13Cannegetierstreet Philipsburg Ctc Shyam Chugani Tlf 17215430265, 13 Cannegetier Street Philipsburg St Marteen Cp0000/Vg/ Tad Id 410021052 Contact Shyam Chugani Telephone 721 543-0265","","Phone Numbers: 17215430265, 7215430265 --- Emails: ","United States","2","Houston, Tx","Tampico","732111","Cooking Appliances Gas Stove Refr Bottom Mount Refr Side Side, Gas Stoves That Gas Stoves Refrigerators Side Side Washing Center","2","9071","Anar Nv Dba Shams","13 Cannegetier Street 13Cannegetierstreet Philipsburg Ctc Shyam Chugani Tlf 17215430265, 13 Cannegetier Street Philipsburg St Marteen Cp0000/Vg/ Tad Id 410021052 Contact Shyam Chugani Telephone 721 543-0265"
"Cargomind Poland Sp Zo O","1 Sierpnia 6 Bud D 02-134 Warszawa Poland Tax Id 5342379755 Wro-Oceancargomind Com Np","","Phone Numbers: 5342379755 --- Emails: ","United States","2","Houston, Tx","Tampico","732393","Stainless Steel Kitchen Equipment Crates Stainless Steel Kitchen Equipment","2","6481","Cargomind Poland Sp Zo O","1 Sierpnia 6 Bud D 02-134 Warszawa Poland Tax Id 5342379755 Wro-Oceancargomind Com Np"
"Felix Storch Inc","770 Garrison Ave Bronx Nueva 10474 Phone: 718-893-3900 Ext, Distribution Blvdedison 40New New York Ny United States 08837 Tax Id: 112197886 Patrick@Summitappliance Com //","summitappliance.com","Phone Numbers: 7188933900 --- Emails: 112197886 Patrick@Summitappliance Com","United States","2","New York, Ny, New York/Newark Area, Newark, Nj","Port Bustamante, Puerto Manzanillo","262060, 851690","Cem Accucold Acr Carel Ledsvh Pta Izq Autoc Lowe Summit Plastic Grill Forte Commercial Cooler Forte Accucold Acr Carel Ledsvh Pta Izq Autoc Lowe Summit Additionalinformation Metaplus Bepensa Contacto Susana Magaly Solis Gonzalez Smsolisg Bepensa, Gas Stove Electric Stove Electric Stove Gas Stove Gas Stove Gas Stove Gas Stove Electric Stove Electric Stove","18","109481","Crosshipping Llc, Felix Storch Inc","10814 Nw 33 St Suite 115 Miami Fl 33172 Lhernandez@Crosshipping Com, 770 Garrison Ave Bronx Nueva Contac: Patrick Fogarty"
"Kestrel Guyana Inc","Tax Id Xexx010101000 110 Groud Florr Duke & Barrack Streets Georgetown Guyana At N: Christina Persaud Ph: 59 225/","","Phone Numbers: 010101000110 --- Emails: ","United States","2","San Juan, Puerto Rico","Port Bustamante","851660","Stoves Custom Nac Unicomer","2","15252","Kestrel Liner Agencies Llp Tax Id","710885661 9505 Nw 108Th Avenue Medley Florida 33178 At N: Gary Aspinall / Ph: 786 220//"
"Kestrel Svg Ltd","Second Floor Hinds Building Grenville Street Kingstown St Vincent Tel: 17845283935 //, Second Floor Hinds Building Grenville Street Kingstown St Vincent Tel: 17845283935//","","Phone Numbers: 17845283935 --- Emails: ","United States","2","San Juan, Puerto Rico","Port Bustamante","732111, 981800","Refrigerators Stoves Spare Custom, Stoves Custom Codes","2","15678","Kestrel Liner Agencies Llp Tax Id","710885661 16320 Nw 59 Avenue Miami Lakes Florida 33014 At N: Gary Aspinall / Ph: 786 220/, 710885661 16320 Nw 59 Avenue Miami Lakes Florida 33014 At N: Gary Aspinall/Ph: 786 220 1691"
"Mokbel International Trade Lda","Rua Pedro De Castro Van Dunem Loy Luanda Angola Ali Sinno Alizainvesti@Gmail Com, Rua Pedro De Castro Van Dunem Loy Luanda Angola Ctc Ali Sinno +244 924171017","","Phone Numbers: +244924171017 --- Emails: Sinno Alizainvesti@Gmail Com","United States","2","Houston, Tx","Tampico","851631, 851660","Nif Carlos Domingos Fams Angola Washing Center Washers Dryers Electric Stove, Stoves","2","12640","Fams Transitarios Lda Rua Joao De Barros, Mokbel International Trade Lda","No 17 Edificio N3 2O Andar Luanda - Angola, Rua Pedro De Castro Van Dunem Loy Luanda Angola Ali Sinno Alizainvesti@Gmail Com"
"Robinsons Relocation","Nuffield Way Abingdon Oxfordshire Ox14 1Tn Tax Id Gb145476062000 Contact Mary Bmamford Telephone 044 0 1235-552272 Email, Nuffield Way Abingdon Oxfordshire Ox141Tn For Hayati Molinas Eori Number Gb145476062000Xx","","Phone Numbers: 145476062000, 04401235552272 --- Emails: ","United States","2","Houston, Tx","Veracruz","790700, 852020","Household Books Household Books Clothes Glasses Ornaments Chair Lamp Kitchen Items Furniture Pictures Mirror Sown Tare, Household Books Household Books Clothes Glasses Ornaments Chair Lamp Kitchen Items Furniture Pictures Mirror Sown Tare Juarez Lerdo Veracruz Veracruz Mexico Contact Expo Gestaad Telephone Trafico Exportaciongestaad Xxcontact Robinsons Relocation Telephone Mary Bamfordrobinsonrelo Xxxcontact Phil Cory Telephone Philcoryseaportfreight Contact Vicky Rojas Telephone Vickyrtranscontainer Group","2","2702","Robinsons Relocation, Seaport Freight Services Limited","Nuffield Way Abingdon Oxfordshire Ox14 1Tn Tax Id Gb145476062000 Contact Mary Bmamford Telephone 044 0 1235-552272 Email, Suite 9 Unit 3 Orwell House Ferry Lane Felixstowe Suffolk Ip113Qlxxx"
"A S Bryden & Sons Trinidad Ltd","1 Ibis Avenue San Juan Trinidad W I Tel 868 674-9191 Contact Leandra Ramoo Email Shipping Coordinatorhhbryden","","Phone Numbers: 8686749191 --- Emails: ","United States","1","Houston, Tx","Tampico","851660","Gas Gas Stoves","1","7601","A S Bryden & Sons Trinidad Ltd","1 Ibis Avenue San Juan Trinidad W I Tel 868 674-9191 Contact Leandra Ramoo Email Shipping Coordinatorhhbryden"
"Abdul Mohsen A Al Swailem","Estabilish Riyadh 11421 Kingdom Of Saudi Arabia Zc 544 Mr Saad Al-Swailem Saadalswailem Com 966114658100","","Phone Numbers: 966114658100 --- Emails: ","United States","1","Houston, Tx","Tampico","845710","Laundry Centers Dryers Washers Electric Stove","13","49530","Abdul Mohsen A Al Swailem","Estabilish Riyadh 11421 Kingdom Of Saudi Arabia Zc 544 Mr Saad Al-Swailem Saadalswailem Com 966114658100"
"Abdul Mohsen A Alswailem Est","Riyadh 11421 Kingdom Of Saudi Arabia Zc 544 Ctc Mr Saad Al-Swailem Saad@Alswailem Com","alswailem.com","Phone Numbers:  --- Emails: Al-Swailem Saad@Alswailem Com","United States","1","Houston, Tx","Tampico","851690","Electric Stove Dryers","7","31315","Abdul Mohsen A Alswailem Est","Riyadh 11421 Kingdom Of Saudi Arabia Zc 544 Ctc Mr Saad Al-Swailem Saad@Alswailem Com"
"Aduanas Pujol Rubio Sa","Calle E Sector C- P I Zona Franca 08040 Barcelona Spain Tax Id Esa08005761 Javier Vallejoapr Es 34 932607000","","Phone Numbers: 34932607000 --- Emails: ","United States","1","Houston, Tx","Veracruz","441700","Kitchen Brush Soft Brush Cepillo Rosa Kitchen Brush","1","1428","Aduanas Pujol Rubio Sa","Calle E Sector C- P I Zona Franca 08040 Barcelona Spain Tax Id Esa08005761 Javier Vallejoapr Es 34 932607000"
"Alessandro Amato C/O Vinelli & Scotto Srl","Via N Tintorri No 15/1/D 20863 Concorezzo Mb Contact Mita Favalli Telephone 39039647440","","Phone Numbers: 39039647440 --- Emails: ","United States","1","Houston, Tx","Veracruz","790700","Household Household Books Clothes Glasses Ornaments Chair Lamp Kitchen Items Furniture Pictures Mirror Sown Tare","1","1950","Vinelli & Scotto Srl","Via N Tintorri No 15/1/D 20883 Concorezzo Mb Contact Mita Favalli Telephone 38039647440 Fax 390396049310"
"Alice Gismonti De Araujo Avenida Brasil","No 33 809-B- Cpf 0657551708 Bangu Cep 21852-002 Rio De Janeiro Rj Brasil Cpf; 065 075 517-08","","Phone Numbers: 0657551708 --- Emails: ","United States","1","Houston, Tx","Veracruz","940340","Glasses Household Books Clothes Glasses Ornaments Chair Lamp Kitchen Items Furniture Pictures Mirror Wooden Applicable Ncm","1","1624","Teamwork International Moving Avenida Brasil","No 33 809-B Bangu Cep 21852002 Rio De Janeiro Rj Brasil"
"Ambar Distributors Llc","1372 Nw 78 Avenue Doral Fl 33126 Off 786 299 5141 Taxid 38-3795120 Contact Person Odette Barrios Opsforevertradng-Usa Net","","Phone Numbers: 7862995141 --- Emails: ","United States","1","Port Everglades, Fl","Cartagena","732111","Gas Stoves Gas Stoves Gas Stoves Gas Stoves","3","8134","Ambar Distributors Llc","1372 Nw 78 Avenue Doral Fl 33126 Off 786 299 5141 Taxid 38-3795120 Contact Person Odette Barrios Opsforevertradng-Usa Net"
"Arcos Dorados Argentina Sa","Roque Saenz Pena 432 1635 Olivos Buenos Aires Argentina Cuit 30-61025233-4","","Phone Numbers: 3061025233 --- Emails: ","United States","1","Houston, Tx","Tampico","732393","Stainless Steel Consolidate Cargo Stainless Steel Kitchen Equipment Equipo Acero Inoxidable Para Cocina Restaurante","1","5252","Arcos Dorados Argentina Sa","Roque Saenz Pena 432 1635 Olivos Buenos Aires Argentina Cuit 30-61025233-4"
"Attica Movers Sa","19 Syngrou Avenue 11743 Atehns Greece Contact Attica Movers Sa Telephone 302109216773","","Phone Numbers: 302109216773 --- Emails: ","United States","1","Houston, Tx","Veracruz","790700","Household Books Household Books Clothes Glasses Ornaments Chair Lamp Kitchen Items Furniture Pictures Mirror Sown Tare Juarez Lerdo Veracruz Veracruz Mexico Contact Expo Gestaad Telephone Trafico Exportaciongestaad Xxcontact Vicky Rojas Telephone Vickyrtranscontainer Group","1","1644","Attica Movers Sa","19 Syngrou Avenue 11743 Atehns Greece Contact Attica Movers Sa Telephone 302109216773"
"B Fernandez Hermanos Inc","Carr 5 Urb Ind Luchetti 305 San Juan Pr 00961-7422 00961 Bayamon","","Phone Numbers: 0096174220096 --- Emails: ","United States","1","San Juan, Puerto Rico","Puerto Manzanillo","630292","Kitchen Towels","1","1670","Kimberly Clark Commercial Inc","Calle Marginal Pr 165 Km 2/8 Pr00970 00970 Guaynabo"
"Bcube Freight Forwarding Srl","Via Di Francia No 76R Zip Code 16149 Genova Italia It07204430966 Gabriela Profumo","","Phone Numbers: 07204430966 --- Emails: ","United States","1","Houston, Tx","Veracruz","732399","Household Household Clothing Tablets Tables Televisions Kitchen Utensil Etc Efect Personals Diplomatic","1","935","Bcube Freight Forwarding Srl","Via Di Francia No 76R Zip Code 16149 Genova Italia It07204430966 Gabriela Profumo"
"Bettina Paola Caitanao Fleurquin","C/O Writer Recolections P O Box 34892 Plot 597-790 Dip 2 Dubai-Uae Tax Id 100329555500003 Xx","","Phone Numbers: 100329555500003 --- Emails: ","United States","1","Houston, Tx","Veracruz","830130","Household Books Clothes Glasses Ornaments Chair Lamp Kitchen Items Furniture Pictures Mirror Sown Tare","1","835","Bettina Paola Caitanao Fleurquin","C/O Writer Recolections P O Box 34892 Plot 597-790 Dip 2 Dubai-Uae Tax Id 100329555500003 Xx"
"Blackblues","Floor Beirut Lebanon Tel +9611580590","","Phone Numbers: +9611580590 --- Emails: ","United States","1","Houston, Tx","Tampico","850930","Kitchen Accesories","1","4523","",""
"Cadogan Tate Worldwide Jointly And Severally With Diego Rabinovich","239 Acton Lane Park Royal Nw10 7Np London Uk Eori Gb97494266000","","Phone Numbers: 97494266000 --- Emails: ","United States","1","Houston, Tx","Veracruz","790700","Household Household Books Clothes Glasses Ornaments Chair Lamp Kitchen Items Furniture Pictures Mirror","1","4300","Cadogan Tate Worldwide","239 Acton Lane Park Royal Nw10 7Np London Uk Eori Gb97494266000 Xx"
"Carlos Guillermo Hernandez","300 Front St W Apt 2908 Toronto On M5V 0E9 Canada Tel No 905-670-7111 Tax Id77841 4318 Rt0001","","Phone Numbers: 9056707111 --- Emails: ","United States","1","Houston, Tx","Veracruz","790700","Household Books Household Books Clothes Glasses Ornaments Chair Lamp Kitchen Items Furniture Pictures Mirror Sown Tare","1","4379","Amj Campbell International","6140 Vipond Dirve Mississauga On Canada L5T 2B2 Contact Mandeep Sohal"
"Chrysler Corp","Planta No 3127 Via Pinerolo 21 City Torino Pc 10060 Italy Tax Id It0797378 Ctc Sadi Import Nave Tel 39 011 00 57813","","Phone Numbers: 390110057813 --- Emails: ","United States","1","Houston, Tx","Veracruz","870810","Services Stc Rears Fascia Bux Refac Fasc Fiat Dodge Rpa Lower Fiat Dodge Upper Fiat Grille Assy Frt Fascia Pedro Brkt Services Stc Mopar Services Stc Rears Fascia Bux Refac Fasc Fiat Dodge Rpa Lower Fiat Dodge Upper Fiat Grille Assy Frt Fascia Pedro Brkt Services Stc Mopara Services","6","3017","Chrysler Corp","Planta No 3127 Via Pinerolo 21 City Torino Pc 10060 Italy Tax Id It0797378 Ctc Sadi Import Nave Tel 39 011 00 57813"
"Coral Windows Bahamas Lt","10-11 Milton Street / Freeport Bahama Grand Tel 242-352-6556 Email Coralinbahamasaol Com","","Phone Numbers: 2423526556 --- Emails: ","United States","1","Houston, Tx","Veracruz","392051","Plates Sheets Film Perfiles Pvc Para Ventanas Series Frame Int Glazed Common Sash Glass Series Transom White Lift Rail Glazing Stop White Interlock White Wide Sash Stop Flapped Drain Cap White Self Adhesv Grill Bar Pce Flush Balance Cover White Sash Vent Frame Reinforcement High Perfomance Snap Sill Glazing Stop White","1","2906","Coral Windows Bahamas Lt","10-11 Milton Street / Freeport Bahama Grand Tel 242-352-6556 Email Coralinbahamasaol Com"
"Corporacion Mr Sa","Calle 4Ta Av 6 France Fiel Zona Libre De Colon Panama Tai Id: 2238577-1-779266 Dv60 Ctc Isnet Castillo//","","Phone Numbers: 5771779266 --- Emails: ","United States","1","Houston, Tx","Tampico","841981","Coffee Machine Blender Cereal Dispenser Coffee Crusher Refrigerated Tables Ice Machine Refrigeration Armaries Congelations Plastic Trap Kitchen Maquina Para Cafe Licua Dora Eclipse Dispensador Cereales Triturador Cafe Mesas Refrigeradas Maquina Para Hielo Armarios Refrigeracion Congelad Trampa Plastica","1","2731","Corporacion Mr Sa","Calle 4Ta Av 6 France Fiel Zona Libre De Colon Panama Tai Id: 2238577-1-779266 Dv60 Ctc Isnet Castillo//"
"Courts Antigua Barbuda Ltd","/ Tax: Xexx010101000 / Lower Market Streetcorner Of Vivian Richards St And All Saints Rd St Johns Antigua / Tel 268 462 1641 / Ctc Anik Doram","","Phone Numbers: 2684621641 --- Emails: ","United States","1","Houston, Tx","Tampico","851660","Stoves Stoves Washing Machines Refrigerators Custom Cargo Transit Outside Country Gateway Kestrel Liner Agencies Llc Tropical Shipping All Charges Should Paid Miami Kestrel Liner Agencies","1","4005","Courts Antigua Barbuda Ltd","/ Tax: Xexx010101000 / Lower Market Streetcorner Of Vivian Richards St And All Saints Rd St Johns Antigua / Tel 268 462 1641 / Ctc Anik Doram"
"D B A Rex Discount Inc","775 N W 71 St Miami Fl Ctc Ernesto Castillo 33150 Email: Jbrautigam@Artgue Com","artgue.com","Phone Numbers:  --- Emails: Jbrautigam@Artgue Com","United States","1","Miami, Fl","Veracruz","630260","Fabric Soften Toilet Pape Kitchen Towe Floor Clean","2","24089","Artgue Int Inc","6743 N W 72 Ave Miami Fl Ctc Javier Artigas 33166 Email: Jbrautigam@Artgue Com"
"Data Cargo S A","Coc-Number 1590144-1664264 Dv 58 France Field Calle 5 Y Ave 6 Colon Free Zone Panama Martina@Datacargo","","Phone Numbers: 15901441664264 --- Emails: ","United States","1","Houston, Tx","Tampico","902810","Gas Stove","1","11244","Data Cargo S A","Coc-Number 1590144-1664264 Dv 58 France Field Calle 5 Y Ave 6 Colon Free Zone Panama Martina@Datacargo"
"De Haan Removals Edisonweg","18 2952 Ad Alblasserdam The Netherlands Tel: 0031 78 6920 Netherlands 2952 Nl","","Phone Numbers: 0031786920 --- Emails: ","United States","1","Savannah, Ga","Puerto Manzanillo","711420","Said Household Personal Effect China Ware Ornaments Kitchen Ware Cuttery Legos Paintings Piano Lamps Ladders Books Dvds Umbrella Toys Coolers Shoes Xmas Decorations","1","1760","De Haan Removals Edisonweg","18 2952 Ad Alblasserdam The Netherlands Tel: 0031 78 6920 Netherlands 2952 Nl"
"Dhl Paraguay S R L","Ruc 80004866-0 Av Gral Santos 1170 Tel 59521 503921 Asuncion - Paraguay","","Phone Numbers: 59521503921 --- Emails: ","United States","1","Houston, Tx","Veracruz","981800","Auto Spare Conduccion Soporte Amortiguad Cubierta Spoiler Rejilla Guide Carrier Shock Abs Cover Grille Spoiler Totatl","1","2060","Dhl Paraguay S R L","Ruc 80004866-0 Av Gral Santos 1170 Tel 59521 503921 Asuncion - Paraguay"
"Diniz Filipi Vieira Dos Santos","Rocha Av Brig Faria Lima 2012-7O-Cjto 73-Jd Paulistano Cpf 36842675898 Sao","","Phone Numbers: 36842675898 --- Emails: ","United States","1","Houston, Tx","Veracruz","940340","Household Household Books Clothes Glasses Ornaments Chair Lamp Kitchen Items Furniture Pictures Mirror Sown Tare Xjuarez Lerdo Veracruz Veracruz Mexico Wooden Applicable","1","1940","Gerson And Grey Guarda E Gerenciamento Ltda","Av Brig Faria Lima 2012-7O-Cjto 73-Jd Paulistano Cnpj07768031/000136 Sao"
"Distribuidora Centroamericana Sa","Plaza El Dragon Piso 1 Local 10 Panama Panama Tax Id 2253297201516 Atn Rodolfo Adames Moreno Tel 507 2995703","","Phone Numbers: 2253297201516, 5072995703 --- Emails: ","United States","1","Houston, Tx","Tampico","730793","Steel Product Bultos Que Con Piezas Producto Acero Esmaltado Art Culos Cocina Bulks That Steel Product Enamelled Art Kitchen Figures","1","2669","Distribuidora Centroamericana Sa","Plaza El Dragon Piso 1 Local 10 Panama Panama Tax Id 2253297201516 Atn Rodolfo Adames Moreno Tel 507 2995703"
"Divico Nv","Road 129 Cole Bay St Maarten St Maarten Philipsburg Phone: 599 544 2666","","Phone Numbers: 5995442666 --- Emails: ","United States","1","San Juan, Puerto Rico","Pointe A Pitre","630292","Payable San Jose Head Office Kitchen Towels Paper Towels","1","6160","Divico Nv","Road 129 Cole Bay St Maarten St Maarten Philipsburg Phone: 599 544 2666"
"Dominica Freight Systems","Po Box40 Canefield Industrial Estate Roseau Dominica Tel: 767 255 6861","","Phone Numbers: 7672556861 --- Emails: ","United States","1","Savannah, Ga","Port Bustamante","845020","Washer Gas Stove Refr Door Gas Stove Refr Door All Charges Payable Lograngel Agreement Rangel Logistica Brasil Ltda Rua Drocio Vila Olimpia Sao Pau Cep Brasil Cnpj Washer Refr Door Gas Stove Spare Home Appliances","4","24429","Rangel Logistica Brasil Ltda","Rua Do Rocio 288 Cj 15 E 16 Vila Olimpia - Sao Paulo Cep 04552-000 - Brasil"
"Doruk Ev Gerecler San Ve","Organize Sanayi Bolgesi Eskisehir Eskisehir Eskisehir Turquia Cp 26110 Tax Id 3100049337","","Phone Numbers: 3100049337 --- Emails: ","United States","1","Houston, Tx","Tampico","851690","Stove Electric Elemento Calentador Para Cocina Electrica Stove Electric","1","10399","Doruk Ev Gerecler San Ve","Organize Sanayi Bolgesi Eskisehir Eskisehir Eskisehir Turquia Cp 26110 Tax Id 3100049337"
"Electrodomesticos Mabeca Sa","Parque Logistico Latam Coyol Ruta 27 Rotonda Siquiares 600 M Esteradial El Coyol Alajuela C P 20113/Cr/310115065119","","Phone Numbers: 310115065119 --- Emails: ","United States","1","San Juan, Puerto Rico","Caucedo","450390","Washer Automatic Washer Automatic Oven Oven Electric Stove","6","23834","Electrodomesticos Mabeca Sa","Parque Logistico Latam Coyol Ruta 27 Rotonda Siquiares 600 M Esteradial El Coyol Alajuela C P 20113/Cr/310115065119"
"Export Development Bank Of Egypt","Client Name Suez Steel Co Usd 2020110999101023 Branch Madinaty Unit No 7 Banks Zone- Madinaty- Cairo - Egypt","","Phone Numbers: 202011099910102 --- Emails: ","United States","1","Houston, Tx","Tampico","850110","Adonis Grill Shutter Actuator","1","818","Export Development Bank Of Egypt Client Name Suez Steel Co","Usd 2020110999101023 Branch Madinaty Unit No 7 Banks Zone- Madinaty- Cairo - Egypt"
"Farmacia La Candelaria Inc","Pr 103 Int 343 Bo Pueblo Zona Urbana Hormigueros Pr 00660 66-0644629","","Phone Numbers: 00660660644629 --- Emails: ","United States","1","San Juan, Puerto Rico","Puerto Manzanillo","950510","Cargo Shorts Shorts Leggins Shorts Leggins Beach Dress Boy Shorts Sports Pants Shorts Shirt Leggins Pant Neck Sweter Pajama Short Sweters Jackets Towels Towels Shirts Pajamas Coat Pajamas Splash Toilet Water Personal Toilet Art Reducing Gel Creams Creams Exfoliants Prod Hair Shampoo Billo Conditioner Treatments Acc Beauty Masks Soap Bar Liquid Barber Hair Dryer Hair Iron Laundry Basket Bucket Moop Bucket Dump Forks Pencil Basket Table Table Stove Rope Zuncho Multi Purpose Cart Remote Control Extinguisher Decorative Paper Carpet Poly Pine Cone Decor Xmas Star Plaque Christmas Yard Noel Tree Hanging Deer Oball Bonsai Cushion Santa Snowman Boy Boy Gym Girl Stocking Sitting Santa Santa Pillow Snowman Pillow Pompon Leg Santa Golden Hanging Santa Ornament Santa Drum Ornament Plastic Fabric Polyester Porcelain Glass Metal Polyester Pvc Polypropylene Polypropylene Polyester Polypropylene Mdf Plywood Sitting Santa Ornament Soft Legs Santa Cuchion Kitchen Fabric Cushion Sheath Ceramic Porcelain ","1","7287","Farmacia La Candelaria Inc","Giselle Cruz Valentin Alonso 787-808-1586 Gcruzpharmamaxpr Com Valonsopharmamaxpr Com"
"Felixstorch Inc","Distribution Blvdedison 40New New York Ny United States 08837 Tax Id:112197886 Patrick@Summitappliance Com","summitappliance.com","Phone Numbers:  --- Emails: 112197886 Patrick@Summitappliance Com","United States","1","New York/Newark Area, Newark, Nj","Port Bustamante","761010","Electric Stove Refr Doors","3","18835","Crosshipping Llc","10814 Nw 33 St Suite 115 Miami Fl 33172 Lhernandez@Crosshipping Com"
"Fiat Group","Automobiles Spa C So G Agnelli 200 10135 Torino 10135 Italy Italy Tax Id 07973780013","","Phone Numbers: 07973780013 --- Emails: ","United States","1","Houston, Tx","Veracruz","290341","Fascia Pedpro Brkt Frt Fascia Pedpro Brkt Fasc Del Dom Bux Fiat Grille Assy Frt Fascia Pedpro Brkt Fasc Del Dom Bux Fiat Grille Assy Upper Fiat Grille Assy Frt Fascia Pedpro Brkt Fasc Del Dom Bux","7","2878","Fiat Group","Automobiles Spa C So G Agnelli 200 10135 Torino 10135 Italy Italy Tax Id 07973780013"
"Fitsum Tiruneh Firdu Churchil","Road-Piassa P O Box 22252 Addis Ababa Eth Iopia Tel +251 11 1262376 Mobile+251 911518870","","Phone Numbers: +251111262376, +251911518870 --- Emails: ","United States","1","Houston, Tx","Tampico","841810","Laundry Centers Laundry Centers Laundry Centers Stoves Washing Machines Refrigerators Dryers","3","14784","Fitsum Tiruneh Firdu Churchil","Road-Piassa P O Box 22252 Addis Ababa Eth Iopia Tel +251 11 1262376 Mobile+251 911518870"
"Fuentes De Medina Griselda","C/ O France Global Relocation 4 Rue Jacqueline Auriol 93350 Le Bourget Tax Id Fr13518857818","","Phone Numbers: 13518857818 --- Emails: ","United States","1","Houston, Tx","Veracruz","830130","Household Books Clothes Glasses Ornaments Chair Lamp Kitchen Items Furniture Pictures Mirror Sown Tare","1","7439","Fuentes De Medina Griselda","C/ O France Global Relocation 4 Rue Jacqueline Auriol 93350 Le Bourget Tax Id Fr13518857818"
"Gillette Poland International Sp","70 Nowy Jozefow Street 94-406 Lodz Poland Tax Id: Pl1050000072","","Phone Numbers: 1050000072 --- Emails: ","United States","1","New Orleans, La","Veracruz","392590","Builders Ware Plasti Elsewhere Specified Ncluded Tableware Kitchen Ware Other Household Articles Toilet Articles Plast Ics Ncm","1","6463","Rusak Business Services Sp Zo O","31 J Wisniewskiego Street 81-156 Gdynia Poland E Mail Gdyniaterminal@Rusak Pl"
"Gillette Poland International Sp Z O O","70 Nowy Jozefow Street 94-406 Lodz Poland Tax Id Pl1050000072","","Phone Numbers: 1050000072 --- Emails: ","United States","1","Houston, Tx","Tampico","691190","Kitchen Ware Credit Tableware Kitchenware Other Household Articles Toilet Articles Plastics Razors Ncm Xunited States Tax Hlxu Procter Gamble Manufacturing Mexico Kitchen Ware Tableware Kitchenware Other Household Articles Toilet Articles Plastic Razors Ncm Segu","3","15428","Hellman Worldwide Logistics Polska","Spolkaz Ograniczona Odpowiedzialnoscia Sp K Ul Wisniewskiego 31 81156 Gdynia Tel 48587832161 / Fax 48587832160"
"Global Group","Traiding Bv Berkelstraat 6 E Willemstad Curacao 05999 Tax Id 102308858 Fernando A Sancivier C Willemstad Ph 599 9 888 931","","Phone Numbers: 5999888931 --- Emails: ","United States","1","Houston, Tx","Tampico","302148","Kitchen Towel Toalla Cocina Premier Mega Nac Servilleta Premier Nal Servilleta Premier Nal Papel Higienico Higienol Exp Servilleta Elite Ultra Nal Papel Higienico Higienol Exp Papel Higienico Elite Gold Nac Higienol Exp Elite Gold Dise Nal","1","4042","Global Group","Traiding Bv Berkelstraat 6 E Willemstad Curacao 05999 Tax Id 102308858 Fernando A Sancivier C Willemstad Ph 599 9 888 931"
"Goldlog Brasil Log Inter Eireli","Epp Cnpj 16 832 760 0001/03","","Phone Numbers: 168327600001 --- Emails: ","United States","1","Houston, Tx","Veracruz","293499","Cajas Con Bandejacuadrada Asas Cajas Con Bandeja Ovalada Grill Cajas Con Bandeja Rectangular Cajas Con Bandeja Rectangular Con Asas Ergon Micas Cajas Con Bandeja Panqu Cajas Con Pavera Cajas Con Bandeja Ovalada Grill Squaredish Ovalroasting Dish Rectangular Dish Rectangular Dish Loafcake Dish Roaster Master Ovalroasting Dish","2","17972","Goldlog Brasil Log Inter Eireli","Epp Rua Exp Joao De Carvalho 26"
"Guilherme Magalhaes Abreu Mendes","Cpf: 036122246-70 Av Brig Fa Lima 2012-7O -Cjto 73-Jd","","Phone Numbers: 03612224670 --- Emails: ","United States","1","Houston, Tx","Veracruz","830130","Household Goodsbooks Clothes Glasses Ornaments Chair Lamp Kitchen Items Furniture Pictures Mirror","1","1450","Gerson And Grey Servicios Ltda","Cnpj 07768031/0001-36 Av Cjto 73-Jd Paulistano Sao Pau"
"Gulf Agency Co","Qatar W L L P O Box 6534 Doha Qatar Phone: 97444205760","","Phone Numbers: 97444205760 --- Emails: ","United States","1","Houston, Tx","Tampico","851660","Stoves","1","7392","Gulf Agency Co","Qatar W L L P O Box 6534 Doha Qatar Phone: 97444205760"
"Homeline Inc","Capitol Bye Pass Monrovia-Liberia Harb Email: Homelinelib73@Yahoo Com","","Phone Numbers:  --- Emails: Homelinelib73@Yahoo Com","United States","1","Houston, Tx","Tampico","845020","Washers Dryers Electric Stove Cargo Tra Cking Note","1","5369","Homeline Inc","Capitol Bye Pass Monrovia-Liberia Harb Email: Homelinelib73@Yahoo Com"
"Hst Sea & Air Freight B V","Transportcentrum 21 7547 Rt Enschede The Netherlands T 053-4804055 Ctc Safhst Nl","","Phone Numbers: 0534804055 --- Emails: ","United States","1","Houston, Tx","Veracruz","845710","Grills Profiles Reinforcedpl Rejillas Perfiles Plastico Reforzado Con Fibra Devidrio Accesorios Para Ensamble","1","9970","Hst Sea & Air Freight B V","Transportcentrum 21 7547 Rt Enschede The Netherlands T 053-4804055 Ctc Safhst Nl"
"Ignacio De Pablo Cajal C/O Inter","S&R S L C/ Bartomeu Garcia I Subira 6 08830 Sant Boi De Llobregat Phone +34 93 640 02 50 Fax +34 93 652 24 52 Poc Gisela","","Phone Numbers: +34936400250, +34936522452 --- Emails: ","United States","1","Houston, Tx","Veracruz","790700","Household Books Household Books Clothes Glasses Ornaments Chair Lamp Kitchen Items Furniture Pictures Mirror Sown Tare","1","2390","Inter S&R S L","Bartomeu Garcia I Subira 6 08830 San Boi De Llobregat Contact Inter S&R S L Telephone 34936400250"
"Jose Antonio Cervantes Cuellar","C/O Sit Grupo Empresarial S L Calle Rioja 5 28823 Coslada Madrid Spain Tel 0034 91 671 0608 Email Thomas Saurersitspain","","Phone Numbers: 0034916710608 --- Emails: ","United States","1","Houston, Tx","Veracruz","790700","Household Household Books Clothes Glasses Ornaments Chair Lamp Kitchen Items Furniture Pictures Mirror Sown Tare","1","1835","Jose Antonio Cervantes Cuellar","C/O Sit Grupo Empresarial S L Calle Rioja 5 28823 Coslada Madrid Spain Tel 0034 91 671 0608 Email Thomas Saurersitspain"
"Juan Pablo Dambra","C/O Robinsons Relocation Nuffield Way Abingdon Oxfordshire Ox14 1Tn Ctc Mary Bamford Tel +44 0 1235 552272","","Phone Numbers: +44012355522 --- Emails: ","United States","1","Houston, Tx","Veracruz","790700","Household Household Books Clothes Glasses Ornaments Chair Lamp Kitchen Items Furniture Pictures Mirror Sown Tare","1","314","Seaport Freight Services Limited","Suite 9 Unit 3 Orwell House Ferry Lane Felixtowe Suffolk Ip11 3Ql Ctc Phil Cory Tel 01394 676691 Email"
"K C Dat S Pte Ltd","6 Lok Yang Way Jurong Singapore 628625 Tax Id 196300186Z Contact Jose A Juan Lozano Aguirre Beltran Telephone 6562618116 Email","","Phone Numbers: 6562618116 --- Emails: ","United States","1","Houston, Tx","Veracruz","790700","Household Books Household Books Clothes Glasses Ornaments Chair Lamp Kitchen Items Furniture Pictures Mirror","1","979","K C Dat S Pte Ltd","6 Lok Yang Way Jurong Singapore 628625 Tax Id 196300186Z Contact Jose A Juan Lozano Aguirre Beltran Telephone 6562618116 Email"
"Kaipert Philipp Alexander Ascott Makati Gloriett A4 Ayala Center Makati","1224 Metro Manila Philippines Tax Id 8884265115972 Tel No 02 56478236","","Phone Numbers: 0256478236, 8884265115972 --- Emails: ","United States","1","Houston, Tx","Veracruz","830130","Household Books Clothes Glasses Ornaments Chair Lamp Kitchen Items Furniture Pictures Mirror Sown Tare","1","3160","Ags Four Winds","Compound 17 Phivedec Industrial Estate Veterans Center Taguig City Tax Id 043439564975Xx"
"Kestrel Liner Agencies Ltd","Barbados Tax Id:20219183 Gladstonia Building Fontabelle St Michael Barbados W I Telephone: 2464352626//2464352827//","","Phone Numbers: 2464352626, 2464352827 --- Emails: ","United States","1","San Juan, Puerto Rico","Port Bustamante","851660","Stoves Custom","1","7544","Kestrel Liner Agencies Llp Tax Id","710885661 829464 9505 Nw 108 Th Avenue Medley Florida 33178 At N:Calvin Alkins Ph:7862201650/"
"Kimberly Clark Commercial Inc","Calle Marginal Pr 165 Km 2/8 Pr00970 00970 Guaynabo","","Phone Numbers: 0097000970 --- Emails: ","United States","1","San Juan, Puerto Rico","Puerto Manzanillo","630292","Kitchen Towels","1","1387","Kimberly Clark Commercial Inc","Calle Marginal Pr 165 Km 2/8 Pr00970 00970 Guaynabo"
"Kronen International S A","Cuit 30-60451400-9 Valentin Gomez 151 Cp B1706Fma - Haedo Buenos Aires - Argentinaxx","","Phone Numbers: 3060451400 --- Emails: ","United States","1","Houston, Tx","Tampico","902810","Gas Stove Gas Stove","1","5906","Kronen International S A","Cuit 30-60451400-9 Valentin Gomez 151 Cp B1706Fma - Haedo Buenos Aires - Argentinaxx"
"Kronen International Sa Cuit Nbr","30604514009 N 3 Entre 107 Y 109 Sanluis C P 5700/Ar/30604514009 Contact Agustin Rosello Telephone 144 895023 6","","Phone Numbers: 1448950236 --- Emails: ","United States","1","Houston, Tx","Tampico","902810","Gas Stove Gas Stove","3","11803","Kronen International Sa Cuit Nbr","30604514009 N 3 Entre 107 Y 109 Sanluis C P 5700/Ar/30604514009 Contact Agustin Rosello Telephone 144 895023 6"
"La Pause Whole Sale And Retail","Cherlie Clare Phone: +164+3318154 Email: Cherlieclare@Hotmail Com","","Phone Numbers:  --- Emails: Cherlieclare@Hotmail Com","United States","1","Port Everglades, Fl","Puerto Manzanillo","851660","Assorted Spirits Gatorade Sodas Water Bottle Washing Stoves Pots Microwave Owen Blenders Brooms Mops Bed Sheets Towels","1","21438","Seacor Island Lines","1300 Eller Drive"
"La Victoria Discount","Ruc 660607352 Jose De Diego #4E Cayey Puerto Ricophone: 787-447-4230","","Phone Numbers: 7874474230 --- Emails: ","United States","1","San Juan, Puerto Rico","Puerto Manzanillo","950510","Christmas Ornaments Ribbons Garlands Artificial Flower Artificial Plants Glasswar Metal Ornaments Lamps Mirrors Plastic Folders Ove Electric Stove Boards Urtains Gift Deco Rations Plastic","1","8681","La Victoria Discount","Ruc 660607352 Jose De Diego #4E Cayey Puerto Ricophone: 787-447-4230"
"Laparkan Freight","2-9 Lombard Str Georgetown Guyana Karyn Billey@Laparkan Com","laparkan.com","Phone Numbers:  --- Emails: Karyn Billey@Laparkan Com","United States","1","Houston, Tx","Tampico","845140","Washing Center Microw Ave Refrigerator Door Refrigerator Door Frei Ght Agreed All Charges Payable Rangle Brasil Gas Stove","7","24034","Laparkan Freight","2-9 Lombard Str Georgetown Guyana Karyn Billey@Laparkan Com"
"Lucas Joys Petersen C/O Inter S&R","S L C/ Bartomeu Garcia Isubira 6 08830 Sant Boi De Llobregat Contactgabriela Arroyo Telephone 34 936 400 250 Email Garroyointe","","Phone Numbers: 34936400250 --- Emails: ","United States","1","Houston, Tx","Veracruz","790700","Household Household Books Clothes Glasses Ornaments Chair Lamp Kitchen Items Furniture Pictures Mirror Sown Tare","1","3450","Lucas Joys Petersen C/O Inter S&R","S L C/ Bartomeu Garcia Isubira 6 08830 Sant Boi De Llobregat Contactgabriela Arroyo Telephone 34 936 400 250 Email Garroyointe"
"Lucia Oderiz Balaguer","C/O Sit Grupo Empresarial S L Calle Rioja 5 28823 Coslada Madrid Spain Tel 00 34 91 671 0608 Fax 00 34 91 674 0654","","Phone Numbers: 0034916710608, 00349167406 --- Emails: ","United States","1","Houston, Tx","Veracruz","790700","Household Books Household Books Clothes Glasses Ornaments Chair Lamp Kitchen Items Furniture Pictures Mirror","1","1950","Lucia Oderiz Balaguer C/O Sit Grupo","Empresarial S L Av Fuentemar 13 C P 28823 Coslada Madrid Espa A Eori Esb28139780"
"Luis Eduardo Alonso Viegas","Av Brig Faria Lima -Cpf 03372939700 2012-7O-Cjto73-Jd Paulistano Sao Paulo Sp-Cep 01452-002-Brazil","","Phone Numbers: 033729397002012 --- Emails: ","United States","1","Houston, Tx","Veracruz","940340","Household Books Clothes Glasses Ornaments Chair Lamp Kitchen Items Furniture Pictures Mirror Sown Tare Ncm Wooden Treated Certified Conventional Heat Treatment Juarez Lerdo Veracruz Veracruz Mexico Contact Expo Gestaad Telephone Trafico Exportaciongestaad Xxcontact Andrea Hernandez Telephone Andreahtranscontainer Group","1","2656","Gerson And Grey Servios Ltda","Cnpj 07 768 031/0001-36 Av Brig Faria Lima 2012 - 7 - Cjto 73 - Jd Paulistano Sao Paulo Sp - Cep 01452-002 -"
"Luz Jesus Benavides Salinas C/O","Gosselin Mobility Italy Via Tito Trocchi 68 C P 00166 Roma Italia Contact Chiarra Mottola Telephone 0666178336 Email","","Phone Numbers: 0666178336 --- Emails: ","United States","1","Houston, Tx","Veracruz","830130","Kitchen Items Household Books Clothes Glasses Ornaments Chair Lamp Kitchen Items Furniture Pictures Mirror","1","960","Luz Jesus Benavides Salinas C/O","Gosselin Mobility Italy Via Tito Trocchi 68 C P 00166 Roma Italia Contact Chiarra Mottola Telephone 0666178336 Email"
"Mabe Sa De Cv","/ Paseo De Las Palmas 100 Lomas De Chapultepec 11000 Ciudad De Mexico / Atn Adrian Dominguez / Tel 5591788100 / Rfc Mab911203Rr7","","Phone Numbers: 5591788100 --- Emails: ","United States","1","Houston, Tx","Tampico","732111","Spare Stoves Washers Spare Custom Cargo Transit Outside Country Gateway Kestrel Liner Agencies Llc Tropical Shipping All Charges Should Payed Ppd Kestrel Liner Agencies","1","4784","Mabe Sa De Cv","/ Paseo De Las Palmas 100 Lomas De Chapultepec 11000 Ciudad De Mexico / Atn Adrian Dominguez / Tel 5591788100 / Rfc Mab911203Rr7"
"Makro Grocers As Brydens Sons Cnr Fort Anchorage","Roads St John S Antigua Ph: 268 462-1811","","Phone Numbers: 2684621811 --- Emails: ","United States","1","San Juan, Puerto Rico","Pointe A Pitre","630292","Payable San Jose Head Office Diapers Fem Towels Kitchen Towels","1","10239","Makro Grocers","1800 Nw 135 Avenue Suite 119 110 111 Miami Fl 33182 Usa"
"Malak Mattrass & Furniture Factory","Sammy Sofan Sucker Garden 134 Philipsburg Sint Marteen General Paises Bajos C P 9999 Phone Number 786 299 5141","","Phone Numbers: 7862995141 --- Emails: ","United States","1","Houston, Tx","Tampico","732111","Gas Stoves Washing Machine","1","4064","Ambar Distributors Llc","1372 Nw 78 Avenue Doral Fl 33126 Off 786 299 5141 Taxid 38-3795120 Contact Person Odette Barrios Opsforevertradng-Usa Net"
"Maria De La Paz Sanchez Rivera C/O Clover Systems Llc","15555 Panther Lake Dr Winter Garden Fl 34787 Usa Tel 305 499 7040","","Phone Numbers: 3054997040 --- Emails: ","United States","1","Port Everglades, Fl","Cartagena","790700","Household Books Household Books Clothes Glasses Ornaments Chair Lamp Kitchen Items Furniture Pictures Mirror Sown Tare","1","2150","Clover Systems Llc","Hhgs Imports Department Taxid 592570160 Tel 305 499 7040 Atencion Maria Rojas"
"Middle East Group","Nv Ajc Brouwers Rd 13 Cayhill Sint Maarten Union Road 89 Cole Bay Sint Maarten C P 99999 Ciudad Philipsburg/ Tel +1 721 543-7024 / Tax Id 435134954","","Phone Numbers: +17215437024 --- Emails: ","United States","1","Houston, Tx","Tampico","292145","Coolers Coolers Freezers Refr Side Side Automatics Gas Stove Refr Ptas Frigobares Washing Center Dryers","1","4552","Middle East Group","Nv Ajc Brouwers Rd 13 Cayhill Sint Maarten Union Road 89 Cole Bay Sint Maarten C P 99999 Ciudad Philipsburg/ Tel +1 721 543-7024 / Tax Id 435134954"
"Millennium Cargo Services Ltd","Suite 1L1 Hastingwood Industrial Estate Wood Lane Erdington Birmin Gham B24 9Qr Tax Id Gb670857016 Ctc Ali Askar Ph 0121 311 0550","","Phone Numbers: 01213110550 --- Emails: ","United States","1","Houston, Tx","Tampico","841869","Kitchen Ware Kitchen Ware Kitchen Ware Kitchen Ware Kitchen Ware Kitchen Ware","9","20626","Millennium Cargo Services Ltd","Suite 1L1 Hastingwood Industrial Estate Wood Lane Erdington Birmin Gham B24 9Qr Tax Id Gb670857016 Ctc Ali Askar Ph 0121 311 0550"
"Mondiale Vgl Pty Ltd","Tax Id: 68002433267; Bldg 1 1 Pier Road Banksmeadow Nsw 2019","","Phone Numbers: 68002433267 --- Emails: ","United States","1","Houston, Tx","Tampico","732111","Outdoor Grill Bgb Bqar Dcs Codes Remote Hpbrf Hpb Jacket Stainless Stl Bga Outdoor Grill Bgb Bqar Dcs Outdoor Grill Bgb Bqrn Dcs Cart Cad Cartcad Grill Cart Side Shelf Griddle Plate Bgc Gpdcs Codes","4","42089","Mondiale Freight Services Ltd","Head Office; Building 1 1 Coa +61 2 8336 8800"
"Mundoshop Europe","88 Avenue De L Europe 77184 Emerainville - France Ctc Nicolas Corbay Ph +33680960971 Vat Fr39751735556 Nicolasmundoshop Org","","Phone Numbers: +33680960971, 39751735556 --- Emails: ","United States","1","Houston, Tx","Veracruz","200897","Kitchen Manual Ware Bundles Carboard Agave Distilled Mezcal Groceries Beers Kitchen Manual Warehs","2","21267","Rue De Coupeauville B P","38 76133 Epouville France Ctc Lebigre Camille +33 0 2 35 13 37 87 Lebigre Cleonvincent Fr"
"Music Man / Front St","20 Phillipsburg St Maarten / Atn Jalkishin Pursnani / Ph 1721 542 4413 / Tax Id 811692501","","Phone Numbers: 17215424413 --- Emails: ","United States","1","Houston, Tx","Tampico","732111","Stoves Stoves Custom Cargo Transit Outside Country Gateway Kestrel Liner Agencies Llc Tropical Shipping All Charges Should Payed Kestrel Liner Agencies","1","5551","Music Man / Front St","20 Phillipsburg St Maarten / Atn Jalkishin Pursnani / Ph 1721 542 4413 / Tax Id 811692501"
"Neele Vat Ocean B V","Seattleweg 3 3195 Nd Pernis-Rotterdam The Netherlands Tel +31 0 88 996 4679 Email","","Phone Numbers: +310889964679 --- Emails: ","United States","1","Houston, Tx","Veracruz","790700","Household Books Household Books Clothes Glasses Ornaments Chair Lamp Kitchen Items Furniture Pictures Mirror Sown Tare","1","1400","Alvaro Serrano Ranz","C/O Voerman International Wolga 12 2491 Bj Den Haag The Netherlands Tel +31 0 88 996 4679 Email"
"North Carga S A","S Cod 0366 Nit Cll 25 G # 80C 71 Ph: 57-1 4047000 Atn Marcela Eslava Email Operacio Bogota-Colombia","","Phone Numbers: 5714047000 --- Emails: ","United States","1","Houston, Tx","Veracruz","850699","Equipment Kitchen","1","594","North Carga S A","S Cod 0366 Nit Cll 25 G # 80C 71 Ph: 57-1 4047000 Atn Marcela Eslava Email Operacio Bogota-Colombia"
"Omar E Cherit Hernandez C/O Gerson","And Grey Transportes Av Brig Faria Lima 2012 70 Abd Cj 73 Cep Cnpj 07768031/0001-36 01452926 Brasilxx","","Phone Numbers: 00013601452926 --- Emails: ","United States","1","Houston, Tx","Veracruz","790700","Household Household Books Clothes Glasses Ornaments Chair Lamp Kitchen Items Furniture Pictures Mirror Sown Tare Ncm","1","2000","Omar E Cherit Hernandez C/O Gerson","And Grey Transportes Av Brig Faria Lima 2012 70 Abd Cj 73 Cep Cnpj 07768031/0001-36 01452926 Brasilxx"
"Omar Francisco Lechuga Palomo C/O","Ags Relocations Dmcc P O Box 27049 Dubai Uae Trn 100278973100003 Contact Omar Francisco Lechuga Palomo","","Phone Numbers: 100278973100003 --- Emails: ","United States","1","Houston, Tx","Veracruz","790700","Household Books Household Books Clothes Glasses Ornaments Chair Lamp Kitchen Items Furniture Pictures Mirror","1","3820","Ags Relocations Dmcc","P O Box 27049 Dubai Uae Trn 100278973100003 Contact Roxanne Ong Telephone 971 4 454-1531"
"Onnera Colombia S A","S Xexx010101000 Bogota 110931 Bogota Numregidtrib 8110141373","","Phone Numbers: 8110141373 --- Emails: ","United States","1","Houston, Tx","Tampico","731010","Equipment Kitchen","4","12675","North Carga Sas Cod","0366 Nti 900 160 595-0 Calle 25 G No 80C-71 Tel 57-1-4047000 Cp 110931 5732258245070 Operacionesnorthcarga Com"
"Onnera Colombia Sas Tax Id 811","014 137-3 Calle 25 G#80C-11 C P 11001 Ctc:Laura Moreno Compras@Onneragroup Co/","onneragroup.co","Phone Numbers:  --- Emails: Moreno Compras@Onneragroup Co","United States","1","Houston, Tx","Tampico","841850","Equipo Cocina Kitchen Equipment","1","8831","Soluciones Depco Sas","Tax Id:900 773 306-1 Calle 7 Sur N 42-70 Ofc 1102 Ctc:Alejandro Galotel:+57 4 3222858"
"Orient Cargo Agency","Al Mulla Ware House B111 P O Box: 14671 Al Qusais Industrialtel: 0097142593509","","Phone Numbers: 0097142593509 --- Emails: ","United States","1","Houston, Tx","Tampico","841590","Ith Parrillas Alambre Form Alambre Hechas Acero Wire Grills Wire Forms Mad Steel","1","3237","Orient Cargo Agency","Al Mulla Ware House B111 P O Box: 14671 Al Qusais Industrialtel: 0097142593509"
"P","Po Box 23425 Al Turaia Souq Doha Salwa Road Doha Qatar C P 999999 Tax Id 97444433998 Ctcrajendranplanettecqatar Com","","Phone Numbers: 97444433998 --- Emails: ","United States","1","Houston, Tx","Tampico","845020","Spare Washing Center Dryers Electric Stove Spare","1","6296","P","Lanet Tec Po Box 23425 Al Turaia Souq Doha Salwa Road Doha Qatar C P 999999 Tax Id 97444433998 Ctcrajendranplanettecqatar Com"
"Pablo Sebastian Blanco Rivero C/O Edelweiss Spedition Srl","Panama No 1524 Martinez- Buenos Aires 1640-Argentina Cuit Number 2023376488 Ncm 630900","","Phone Numbers: 2023376488 --- Emails: ","United States","1","Houston, Tx","Veracruz","701331","Glasses Household Books Clothes Glasses Ornaments Chair Lamp Kitchen Items Furniture Pictures Mirror Sown Tare","1","4788","Edelweiss Spedition Srl","C/O Adrian Antonio Tesoriero Panama 1524-Martinerz-B1640Djr Buenos Aires Argentina"
"Petter Johnny Andrietta","Cpf 260 692 188-76 Av Brig Faria Lima 2012 - 7 - Cjto 73 - Jd Paulistano Sao Paulo Sp - Cep 01452-002 -","","Phone Numbers: 26069218876 --- Emails: ","United States","1","Houston, Tx","Veracruz","630520","Household Household Books Clothes Glasses Ornaments Chair Lamp Kitchen Items Furniture Pictures Mirror Ncm Wooden Treated Certified Conventional Heat Treatment","1","2174","Gerson And Grey Servicos Ltda","Cnpj 07 768 031 / 0001 -36 Av Brig Faria Lima 2012- 7 - Cjto 73 - Jd Paulistano Sao Paulo Sp - Cep 01452-002 - Brazil -"
"Philips Consumer Lifestyle","1600 Summer Street Ein+13342911512 Stamford Ct 06905 Us","","Phone Numbers: +13342911512 --- Emails: ","United States","1","Los Angeles, Ca","Lazaro Cardenas","732399","Tableware Kitchen Ware Tableware Kitchen Ware Articles Plastics Articles Oth Eces Shavers Electr Shave Clippers Epilato Eces","1","5104","Ups Supply Chain Solutions","6940 Engle Road Suite C Middleburg Heights Oh 44130 Cleveland Oh 44130 Us"
"Pier 17 Panama Inc","Tax Id:1284105-1-601253 D V 97 Avenida Ricardo J Alfaro Edificio Century Tower Piso 1 Nr D1 Nr 2004 Panama Republic Of //","","Phone Numbers: 1051601253 --- Emails: ","United States","1","Houston, Tx","Veracruz","851220","Pallet Pallet Automoti Lamps Automotive Terminals Lamparas Automotrices Luces Direccionales Termina Les Uso Automotriz Codes Pallet Botellas Mil Cada Una Con Tequila Agave Cajas Otellas Cada Una Herramientas Mano Urnas Biodegradables Tierra Cenizas Piezas Cardboard Dmc Rev Belt Caf Belt Belt Dmc Buckle Belt Cafe Belt Belt Normal Buck Let Negro Belt Belt Normal Buckle Cinturon Dmc Rev Belt Negro Cafe Belt Belt Dmc Rev Belt Cafe Negro Belt Polyurethane Pallet Stove Partes Estibable Pallet Mezcal Aleron Alc Vol Pallet Espuma Polietileno Con Aluminio Bonded Cargo Transit Cargo Cierres Terminados Laton Cierr Fijo Cierre Separable Cfdi Cfdi Cfd Cfdi Abrazadera Abrazadera Abrazadera Riel Logistico Oxidable Cal Asidera Aluminio Redonda Charola Abs Discos Filo Carbu Bco Zas Disco Recortadora Mdc Rue Esponja Dique Medio Hojas Azul Nictone Ique Grueso Hojas Azul Nictone Dique Mediano Hojas Negro Ictone Dique Grueso Hoj Pallet Books Polirricinoleato Poliglicerol Palsgaard Pgpr Emulsionantes Esta B","2","26858","Pier 17 Panama Inc","Tax Id:1284105-1-601253 D V 97 Avenida Ricardo J Alfaro Edificio Century Tower Piso 1 Nr D1 Nr 2004 Panama Republic Of //"
"Productos De Seguridad De Perimetro","Sa Calle 67 Este San Francisco 97 Panama Tax Id: 715801374088Dv86 Fbares@Barrera Com Pa","barrera.com","Phone Numbers:  --- Emails: 715801374088Dv86 Fbares@Barrera Com Pa","United States","1","Houston, Tx","Tampico","293299","Steel Grill Post Base Post Bayoneta Accessory Doors Clamps Staples Black Clamp Bolt Nut Tweezers Taples","2","21136","Productos De Seguridad De Perimetro","Sa Calle 67 Este San Francisco 97 Panama Tax Id: 715801374088Dv86 Fbares@Barrera Com Pa"
"Productos De Seguridad De Perimetros S A","Calle 67 Este San Francisco 97 Panama Panama Tax Id: 715801374088Dv86","","Phone Numbers: 715801374088 --- Emails: ","United States","1","Houston, Tx","Tampico","320417","Gray Medium Staple Gray Staple White Metallic Clamp Gray Metallic Clamp Metalbracket White Post Clamp Whit Green Black Gray Ornamental Grille Post Ornamental Fence Metallic Clamp Green Gray Blue Coils Barbed Wire Contemporary Grating Contemporary Door Milan Door Green Steel Grating White Green Black Self Drilling Pija Piece Hinged Gate High Security Clamp Port Fence","2","22166","Productos De Seguridad De Perimetros S A","Calle 67 Este San Francisco 97 Panama Panama Tax Id: 715801374088Dv86"
"Radiocentro Cxa Paseo De Los Periodistas","No 50 Sanchez Miraflores Santo Domingo Prov Santo Domingo Rep Dominicana 10203660549331","","Phone Numbers: 10203660549331 --- Emails: ","United States","1","Houston, Tx","Tampico","732111","Gas Stove Gas Stove","3","13944","Radiocentro Cxa Paseo De Los Periodistas","No 50 Sanchez Miraflores Santo Domingo Prov Santo Domingo Rep Dominicana 10203660549331"
"Redplan S A","Numregidtrib 212301600011 Montevideo 11000 Montevideo Montevideo Uy Ury","","Phone Numbers: 212301600011 --- Emails: ","United States","1","Houston, Tx","Tampico","841981","Kitchen Equipment Para Hosteleria","1","5454","Redplan S A","Numregidtrib 212301600011 Montevideo 11000 Montevideo Montevideo Uy Ury"
"Rodolfo Leandro Dal Ge De Goes","C/O Sit Grupo Empresarial S L Av Del Segle Xxi 78 08840 Viladecans Barcelona Spain Tel 00 34 93 630 5555","","Phone Numbers: 00349363055 --- Emails: ","United States","1","Houston, Tx","Veracruz","830130","Household Books Clothes Glasses Ornaments Chair Lamp Kitchen Items Furniture Pictures Mirror","1","1555","Sit Grupo Empresarial S L","Av Del Segle Xxi 78 08840 Viladecans Barcelona Spain Tel 00 34 93 630 5555 Fax 00 34 93 630 57200Xx"
"Rosana L L C/O Adrian A T C/O Lift Van Internation Cuit","No 20223376488 Ruta 202 N 3449 Don Torcuato- Buenos Aires B1611Abg Argentina","","Phone Numbers: 20223376488 --- Emails: ","United States","1","Houston, Tx","Veracruz","830130","Household Books Clothes Glasses Ornaments Chair Lamp Kitchen Items Furniture Pictures Mirror Sown Tare","1","1000","Lift Van International Co","Cuit 20-22337648-8 Ruta 202 N 3449 Don Torcuato Buenos Aires Argentina"
"Rossi Beguy Martin Eduardo C/O Mercovan Argentina Srl","Cuit 20-29952086-3 Juan Azurduy 1520 Piso 3 Of E C1429Adj Buenos Aires Argentina","","Phone Numbers: 2029952086 --- Emails: ","United States","1","Houston, Tx","Veracruz","980400","Household Books Household Books Clothes Glasses Ornaments Chair Lamp Kitchen Items Furniture Pictures Mirror Sown Tare","1","2418","Rossi Beguy Martin Eduardo C/O Mercovan Argentina Srl","Cuit 20-29952086-3 Juan Azurduy 1520 Piso 3 Of E C1429Adj Buenos Aires Argentina"
"Samuel Gutierrez","800 Ave Ponce De Leon San Juan Pr 00907 Tel 787-647 1892","","Phone Numbers: 7876471892 --- Emails: ","United States","1","San Juan, Puerto Rico","Veracruz","940340","Household Wooden Lift Vans Household Books Clothes Glasses Ornaments Chair Lamp Kitchen Items Furniture Pictures Mirror","1","2793","Rodi Cargo Intl Group","-Pr Julio N Matos Ind Park Calle Campeche Lote 26 Carolina Pr 00987 Puerto Rico Tel 787-647-1892"
"Sea Way Logistics Ltd","5 Jabutinsky St Beit Avgad Israel 5252006 Tax Id:513156786 Contact : Merav Ben Merav@Seaway Co Il Ph 97237565742","seaway.co.il","Phone Numbers: 97237565742 --- Emails: Ben Merav@Seaway Co Il","United States","1","Houston, Tx","Veracruz","731449","Galvanized Steel Grill","3","25620","Sea Way Logistics Ltd","5 Jabutinsky St Beit Avgad Israel 5252006 Tax Id:513156786 Contact : Merav Ben Merav@Seaway Co Il Ph 97237565742"
"Sergio Luiz Ramalho Dos Santos","27285268852 Rua Jose Rodriguez Pinhairo 3351 81170-200 Curitiba Pr-Brazil Cnpj 62 422 878/0011-44 Xxx","","Phone Numbers: 335181170200 --- Emails: ","United States","1","Houston, Tx","Veracruz","940340","Household Books Household Books Clothes Glasses Ornaments Chair Lamp Kitchen Items Furniture Pictures Mirror Sown Tare Ncm Wooden Applicable","1","1244","Metropolitan Transports S A","Cnpj 62422878/0011-44 Rua Jose Rodrigues Pinheiro 3351 81170200 Curitiba Pr-Brazil Xxxx"
"Sieber Transport Ag","Musterplatzstrasse 5 Berneck 9442 Switzerland Xaxx010101000 Timo Fal Eschini +41 71 747 68 07 Berneck S","","Phone Numbers: +41717476807 --- Emails: ","United States","1","New Orleans, La","Veracruz","392640","Kitchen Articles Plastic Articles Domestic Use","1","1181","",""
"Supermercados Mr Special Inc","620 St Teresa Journet Ave Mayaguez Pr 00681Mrn 0035352-0013 Tax Id 66-0571219","","Phone Numbers: 00353520013 --- Emails: ","United States","1","San Juan, Puerto Rico","Puerto Manzanillo","732393","Aluminium Kitchen Ware","1","16888","Pedro L Sitiriche","Torres Plaza 9 Rb 30 Marina Bahia Catano Pr Tax Id 66 0745653 Email Direct Cargo@Gmail Com"
"Suriname Moving Company","Fajalobistraat 4 2-14Paramaribo Paramaribo Suriname C P 9999/Sr/00076 Ctc Eugenio Enriquez Tlf 014272748925","","Phone Numbers: 014272748925 --- Emails: ","United States","1","Houston, Tx","Tampico","841810","Refrigerator Refrigerator Doors Washing Center Dryers Electric Stove Gas Stove Washers","1","5546","Suriname Moving Company","Fajalobistraat 4 2-14Paramaribo Paramaribo Suriname C P 9999/Sr/00076 Ctc Eugenio Enriquez Tlf 014272748925"
"Tecno Sud America Ltda","Rua Tomazina 79 83325-040 Pinhais Pr Brasil Cnpj 03624173000179","","Phone Numbers: 03624173000179, 7983325040 --- Emails: ","United States","1","Houston, Tx","Veracruz","830610","Bells Campanas Partes Campanas Cocina Bells Kitchen Bells Wooden Applicable Does Wood Ncm","1","2118","Tecno Sud America Ltda","Rua Tomazina 79 83325-040 Pinhais Pr Brasil Cnpj 03624173000179"
"The Family Movers S Pte Ltd","2 Toh Guan Road East 02-03 S 608837 For Jose Antonio Del Razo Torres Attn Import Department Tel +65 6266 5225","","Phone Numbers: +6562665225 --- Emails: ","United States","1","Houston, Tx","Veracruz","830130","Household Books Clothes Glasses Ornaments Chair Lamp Kitchen Items Furniture Pictures Mirror Sown Tare","1","2683","The Family Movers S Pte Ltd","2 Toh Guan Road East 02-03 S 608837 For Jose Antonio Del Razo Torres Attn Import Department Tel +65 6266 5225"
"The Old Country Market","2310 Alberni Hwy Coombs Bc Canada V0R1M0 Atn Larry Geekie Tel 2502486274","","Phone Numbers: 2502486274 --- Emails: ","United States","1","Long Beach, Ca","Manzanillo","190120","Kitchen Articles Processed Meals Blown Glass Articles Kitchen Articles Handmade Tiles Hoodie Jackets Party Articles Masks Processed Meals Blown Glass Handmade Tiles Kitchen Articles Hoodie Jackets Masks","2","20847","The Old Country Market","2310 Alberni Hwy Coombs Bc Canada V0R1M0 Atn Larry Geekie Tel 2502486274"
"Transborder Ltda","Autopista Medellin Entrada Km 2 2 Santa Fe De Bogota Colombia Tel 320-5698361 Ctc Import Departament","","Phone Numbers: 3205698361 --- Emails: ","United States","1","Houston, Tx","Veracruz","641460","Kitchen Hoods Kitchen Hoods","1","5625","Transborder Ltda","Autopista Medellin Entrada Km 2 2 Santa Fe De Bogota Colombia Tel 320-5698361 Ctc Import Departament"
"Transport Management Curacao Nv","Curacao Dutch Antilles Hato Internatel: 5999 8692022 Willemstad Cs Sales@Albatroscuracao","","Phone Numbers: 59998692022 --- Emails: ","United States","1","Port Everglades, Fl","Cartagena","640520","Ship Spares Transit Backpa Suitcase Brand Fans Badmin Ton Racket Machine Footwear Men Shirts Men Coats Men Women Children Dresses Women Iefcases Backpacks Shirts Women Irt Men Eaters Men Ladies Childr Screw Rod Bicycle Tube Accessory Other Bicycle Wire Brush Rmal Glass Ulbs Lamps Oves Kitchen Axe Knife Scis Sors Goat Foot Bottle Brus Shine Pot Shavers Div Ing Glasses Diving Float Life Jacket Tile Gate Ener Clothing","2","21220","Transport Management Curacao Nv","Curacao Dutch Antilles Hato Internatel: 5999 8692022 Willemstad Cs Sales@Albatroscuracao"
"Unicomer Curacao Omni","Tax Id 310010019 Kaya Amsterdam 25 Bonaire Atn Hitesh Baxani Ph 599 717 7576","","Phone Numbers: 5997177576 --- Emails: ","United States","1","Houston, Tx","Tampico","841810","Stoves Refrigerators Side Side Gas Stoves Oven Refrigerators Two Doors Custom All Charges Should Payed Kestrel","1","2310","Kestrel Liner Agencies Llp Tax Id","710885661 9505 Nw 108Th Avenue Medley Florida 33178 / Atn Gary Aspinall Ph 786 220 1650"
"Unicomer Jamaica Ltd","79-81A Slipe Road Kingston Jamaica Contact Nariesha Murray Telephone 876 9684068 Email Nariesha_Murrayunicomer Com","","Phone Numbers: 8769684068 --- Emails: ","United States","1","Houston, Tx","Tampico","841810","Refrigerators Refrigerators Stove Interface Card Harness Main Door Lock Agitator Harness Main Door Lock Agitator Main Support Drive Asm Orifice Holder Asm Left Front","1","3654","Regal Worldwide Trade Llc","9500 Nw 108Th Av Medley Fl 33178 Usa Ctc Sandra Cruz Phone + 503 2250 2082 Www Grupounicomer Com Tax Id 110404"
"Unicomer St Lucia","Orange Park Commercial Marisule St Lucia Atn Berthia Augustin Ph 758 457 8117","","Phone Numbers: 7584578117 --- Emails: ","United States","1","Houston, Tx","Tampico","732111","Gas Stoves Gas Stoves Custom Cargo Transit Outside Country Gateway Kestrel Liner Agencies Llc Tropical Shipping All Charges Should Payed Ppd Kestrel Liner Agencies","1","3478","",""
"Unicomer St Lucia Orange Park","Commercial Centre Bois Dorange Marisule St Lucia Atn Berthia Augustin Ph 758 457 8117 Tax Id 1790302","","Phone Numbers: 7584578117 --- Emails: ","United States","1","Houston, Tx","Tampico","732111","Stoves Stoves Custom Cargo Transit Outside Country Gateway Kestrel Liner Agencies Llc Tropical Shipping All Charges Should Payed Ppd Kestrel Liner Agencies","1","3333","Unicomer St Lucia Orange Park","Commercial Centre Bois Dorange Marisule St Lucia Atn Berthia Augustin Ph 758 457 8117 Tax Id 1790302"
"Unicomer St Maarten / Orange Grove Center","No 9 Colebay Saint Maarten / Atn Champa Dhanani / Ph 1 721 544 2190 / Tax Id 435174630","","Phone Numbers: 17215442190 --- Emails: ","United States","1","Houston, Tx","Tampico","732111","Stoves Stoves Custom Cargo Transit Outside Country Gateway Kestrel Liner Agencies Llc Tropical Shipping All Charges Should Payed Kestrel","1","4257","Kestrel Liner Agencies Llp","Tax Id 710885661 9505 Nw 108Th Av Medley Florida 33178 / Atn Gary Aspinall Ph 786 220 1650"
"Wahat Ajman Trade Tax","No 90100016 Hay Sana`A House 148/23 Al Jazaaer Street Basrah Iraq Tel +9647704925314 Email Basrahsssuae Com","","Phone Numbers: +9647704925314 --- Emails: ","United States","1","Houston, Tx","Tampico","950320","Grilling Freestanding Range Gas Freestanding Mea Buyer Fstuegf","1","6281","Cargo World Shipping & Logitics Iraq Manawi Basha Al Qahira Q House","No 57 Basrah Capt Abdul Karim K Sukker / Mob +964 0 7801414881"
"Walter Oracio Calle Cedula De Ciudadania","No 1711690238 C/O International Shipping Av Eloy Alfaro N56-190 Y Anonas Quito-Ecuador","","Phone Numbers: 1711690238 --- Emails: ","United States","1","Houston, Tx","Veracruz","630520","Household Marca Hyndai Modelo Chasis Tmcju Household Household Books Clothes Glasses Ornaments Chair Lamp Kitchen Items Furniture Pictures Mirror","2","4570","International Shipping","Ruc 1790017125001 Av Eloy Alfaro N56 190 Y Anonasxxx"
"Wes World Events Solutions","Via Pietro Giardini 472 Scala L 41124 Modena Italy Massimo Fornoni Tel No +39 059 397 0399","","Phone Numbers: +390593970399 --- Emails: ","United States","1","Houston, Tx","Veracruz","392690","Garage Equipments Garage Equipments Codes Formula Equipment Hospitality Equipments Codes Garage Equipments Combined Commodity Garage Equipments Kitchen Equipments Codes Kitchen Equipments Kitchen Equipments Garage Equipments Codes Hospitality Equipments Formula Equipment Codes","7","33081","Same As Consignee","Massimo Fornoni +39 059 397 0399"